2014-1-1,61,50,39,48,41,30,79,68,57,30.22,30.10,30.01,10,10,7,10,4,13,0.00,7,,250
2014-1-2,57,46,35,47,30,24,93,62,30,30.44,30.32,30.10,10,10,10,25,11,36,0.00,4,,358
2014-1-3,57,43,28,41,27,17,85,54,22,30.43,30.30,30.12,10,10,10,17,7,23,0.00,0,,171
2014-1-4,71,59,46,49,46,41,86,65,44,30.10,29.95,29.80,10,10,10,20,6,25,0.00,5,,201
2014-1-5,58,48,38,53,31,16,93,62,30,30.39,30.07,29.78,10,10,7,28,14,38,0.00,5,,355
2014-1-6,38,33,27,15,9,5,55,41,27,30.71,30.61,30.41,10,10,10,20,10,28,0.00,6,,27
2014-1-7,46,34,22,21,11,4,68,43,18,30.60,30.47,30.31,10,10,10,14,5,20,0.00,6,,165
2014-1-8,55,48,41,52,45,29,96,68,40,30.28,30.18,30.09,8,2,1,7,1,8,0.08,8,Rain,336
2014-1-9,69,61,52,62,55,50,100,84,68,30.17,30.08,29.97,10,4,0,16,4,20,T,7,Fog,138
2014-1-10,73,66,59,63,60,56,87,74,61,29.98,29.87,29.76,10,9,2,17,10,22,0.04,7,Rain,199
2014-1-11,78,63,47,55,36,21,93,53,12,30.12,30.03,29.86,10,10,7,12,4,15,0.00,0,Fog,345
2014-1-12,72,56,39,59,47,34,84,71,57,30.10,29.99,29.88,10,10,10,15,6,18,T,5,,204
2014-1-13,72,56,40,60,38,19,93,54,14,30.14,30.00,29.85,10,9,3,22,8,29,0.00,2,,314
2014-1-14,76,56,35,30,24,18,64,38,11,30.30,30.11,30.01,10,10,10,25,10,30,0.00,0,,297
2014-1-15,66,53,40,28,21,16,45,32,18,30.44,30.30,30.15,10,10,10,16,7,21,0.00,0,,309
2014-1-16,71,53,35,37,30,21,70,48,26,30.15,30.09,30.02,10,10,10,18,5,22,0.00,1,,222
2014-1-17,69,56,42,32,22,16,67,40,13,30.32,30.25,30.16,10,10,10,17,7,22,0.00,0,,23
2014-1-18,70,52,34,43,35,25,77,55,33,30.23,30.16,30.08,10,10,10,17,6,21,0.00,0,,282
2014-1-19,74,59,43,40,31,21,89,52,14,30.32,30.19,30.10,10,10,10,10,4,15,0.00,2,,298
2014-1-20,82,63,43,54,39,23,77,47,17,30.12,29.99,29.85,10,10,10,22,8,31,0.00,3,,273
2014-1-21,69,55,40,28,22,16,53,34,14,30.39,30.27,30.14,10,10,10,22,10,30,0.00,1,,357
2014-1-22,71,53,34,47,25,17,64,39,13,30.20,30.07,29.96,10,10,10,16,7,20,0.00,2,,202
2014-1-23,56,43,30,49,35,25,85,73,60,30.62,30.32,29.99,10,8,2,29,13,43,0.08,8,Rain,23
2014-1-24,40,34,27,27,23,18,85,70,54,30.69,30.58,30.35,10,9,4,21,8,28,0.03,7,Rain,344
2014-1-25,67,49,30,35,28,23,78,51,24,30.34,30.16,30.01,10,10,10,12,4,16,0.00,4,,239
2014-1-26,80,60,40,46,40,32,70,50,30,29.99,29.83,29.70,10,10,10,18,6,23,0.00,2,,234
2014-1-27,58,49,40,43,24,9,77,51,24,30.18,30.01,29.77,10,10,10,29,14,38,T,5,,2
2014-1-28,40,35,30,20,14,8,58,44,29,30.45,30.33,30.17,10,10,7,22,11,28,T,7,Rain,10
2014-1-29,50,39,28,21,13,8,53,37,21,30.46,30.36,30.24,10,10,10,16,7,20,0.00,4,,125
2014-1-30,68,51,34,50,38,21,83,64,45,30.22,30.03,29.87,10,10,10,20,8,25,0.00,5,,184
2014-1-31,81,67,53,61,55,50,93,66,39,29.96,29.85,29.76,10,9,4,18,11,24,0.00,5,,167
2014-2-1,80,73,66,64,61,59,87,70,52,29.84,29.78,29.71,10,10,7,16,8,21,T,7,,140
2014-2-2,68,53,38,63,41,30,87,76,65,30.21,29.99,29.78,10,8,4,26,14,33,0.06,8,Rain,11
2014-2-3,52,45,38,40,36,31,89,75,61,30.20,30.09,29.93,10,8,2,15,9,18,T,8,Rain,62
2014-2-4,71,57,42,48,42,34,96,63,29,30.02,29.91,29.83,10,7,1,10,5,14,0.13,6,Rain,317
2014-2-5,52,43,33,46,30,17,83,61,39,30.40,30.28,30.03,10,10,10,24,14,31,0.00,7,,24
2014-2-6,35,32,29,18,17,16,58,53,47,30.48,30.39,30.34,10,10,7,21,11,31,0.02,8,,18
2014-2-7,39,35,30,36,28,18,92,73,54,30.34,30.26,30.21,10,6,1,10,5,13,T,8,Rain,41
2014-2-8,68,54,39,43,38,35,86,59,32,30.21,30.14,30.03,10,7,2,13,6,17,0.00,5,,207
2014-2-9,71,57,42,59,47,40,100,76,51,30.13,30.04,29.93,10,5,0,14,5,17,0.00,6,Fog,212
2014-2-10,62,50,37,60,44,31,97,81,65,30.15,30.05,29.95,10,6,0,21,11,26,T,8,Fog-Rain,21
2014-2-11,47,41,34,34,30,28,82,79,75,30.25,30.18,30.12,10,7,2,21,13,26,T,8,Rain,2
2014-2-12,62,49,36,33,30,27,75,55,35,30.21,30.14,30.04,10,10,10,16,7,21,0.00,5,,342
2014-2-13,70,52,33,42,34,29,82,54,26,30.07,29.99,29.89,10,10,10,15,7,21,0.00,1,,222
2014-2-14,92,67,42,48,37,28,83,47,11,30.06,29.90,29.81,10,10,10,18,7,26,0.00,1,,357
2014-2-15,79,65,50,59,39,23,78,50,21,30.14,30.05,29.97,10,10,7,18,8,23,0.00,2,,145
2014-2-16,75,69,63,63,60,59,93,79,64,30.05,29.97,29.91,9,6,2,14,7,16,0.00,7,,162
2014-2-17,83,73,62,64,56,35,93,59,24,30.09,30.01,29.92,10,5,0,18,7,26,T,7,Fog-Rain,158
2014-2-18,80,72,63,63,52,34,87,58,29,30.11,29.97,29.88,10,10,7,14,6,17,T,6,Rain,161
2014-2-19,85,73,60,64,61,57,97,70,43,29.93,29.85,29.68,10,5,0,22,10,28,T,5,Fog,162
2014-2-20,86,72,58,65,49,22,87,49,10,30.06,29.82,29.69,10,9,7,24,10,31,0.00,6,,66
2014-2-21,72,60,47,33,26,22,46,31,16,30.19,30.07,29.98,10,10,10,20,7,26,0.00,5,,136
2014-2-22,74,61,47,61,50,35,81,61,40,30.05,29.94,29.86,10,10,10,16,8,20,0.00,7,,161
2014-2-23,85,75,64,65,61,50,93,69,44,30.03,29.92,29.86,10,7,0,15,5,21,T,7,Fog-Rain,177
2014-2-24,79,70,61,63,54,46,73,61,48,30.09,30.00,29.94,10,10,7,18,6,23,0.00,7,,86
2014-2-25,78,68,57,66,63,54,90,75,60,30.04,29.95,29.86,10,7,1,15,7,18,0.08,8,Rain,107
2014-2-26,57,47,37,51,36,31,89,80,70,30.19,30.13,29.97,10,8,5,29,11,40,0.13,7,Rain,5
2014-2-27,59,46,32,36,30,25,89,61,32,30.18,30.07,29.91,10,10,9,16,6,20,0.00,0,,223
2014-2-28,77,62,47,50,46,37,89,64,38,29.93,29.86,29.79,10,9,3,14,7,17,T,4,Rain,206
2014-3-1,86,67,48,66,58,46,100,76,51,30.02,29.92,29.85,10,7,0,24,9,29,T,6,Fog-Rain,150
2014-3-2,80,56,31,69,51,23,90,80,70,30.16,29.96,29.85,10,8,3,33,15,41,T,8,Rain,69
2014-3-3,48,38,27,31,22,17,75,56,37,30.35,30.25,30.17,10,10,10,25,14,34,0.01,6,Rain-Thunderstorm,21
2014-3-4,49,42,34,36,31,27,76,66,56,30.23,30.12,30.01,10,10,10,13,7,17,T,8,Rain-Thunderstorm,60
2014-3-5,62,52,41,45,40,35,86,69,51,30.14,30.01,29.94,10,9,6,13,5,16,T,6,Rain,124
2014-3-6,66,55,43,42,38,35,92,63,34,30.23,30.13,30.04,10,10,8,16,7,20,0.00,2,,3
2014-3-7,70,56,41,51,44,37,82,60,37,30.04,29.94,29.83,10,10,7,20,8,22,0.00,6,,163
2014-3-8,64,53,42,60,53,38,97,88,78,30.20,30.02,29.85,10,5,1,21,11,29,0.30,8,Rain-Thunderstorm,29
2014-3-9,54,50,45,49,41,34,83,73,63,30.30,30.22,30.19,10,9,4,21,9,29,0.02,8,Rain,4
2014-3-10,67,59,50,58,54,49,100,82,63,30.20,30.06,29.92,10,6,2,15,5,18,0.28,8,Fog-Rain,258
2014-3-11,81,68,55,56,53,50,93,65,36,29.91,29.75,29.60,10,9,6,20,9,27,T,4,,234
2014-3-12,69,57,45,51,32,19,80,48,16,30.26,30.06,29.71,10,10,10,30,14,39,0.00,1,,353
2014-3-13,68,52,37,44,28,22,64,38,10,30.33,30.22,30.09,10,10,10,13,7,18,0.00,2,,136
2014-3-14,77,63,48,61,53,45,93,71,49,30.08,30.01,29.91,10,10,6,18,10,22,0.00,5,,154
2014-3-15,80,72,64,64,61,55,93,69,45,29.96,29.81,29.67,10,8,3,15,7,21,0.02,7,Rain,174
2014-3-16,70,60,49,57,43,30,84,57,30,30.03,29.87,29.70,10,10,10,30,15,39,0.01,5,,344
2014-3-17,71,57,42,30,26,20,57,36,15,30.04,29.92,29.75,10,10,10,20,8,28,0.00,2,,285
2014-3-18,86,65,43,56,40,27,78,48,18,29.80,29.72,29.64,10,10,10,18,9,26,0.00,1,,169
2014-3-19,75,65,55,56,37,28,86,55,24,30.16,30.02,29.81,10,10,7,21,10,29,0.00,6,,26
2014-3-20,78,62,45,43,37,33,65,44,22,30.21,30.11,30.01,10,10,10,13,6,18,0.00,3,,65
2014-3-21,81,68,54,63,57,50,93,69,45,30.01,29.90,29.81,10,10,10,23,12,28,0.00,5,,167
2014-3-22,80,73,65,68,65,63,100,79,58,29.99,29.91,29.86,10,6,0,12,6,14,T,8,Fog-Rain,140
2014-3-23,71,60,49,67,48,37,90,69,48,30.21,30.10,29.97,10,10,7,30,14,40,T,8,Rain,28
2014-3-24,60,55,50,52,45,39,100,77,53,30.20,30.10,30.01,10,8,4,15,4,18,0.23,7,Rain-Thunderstorm,38
2014-3-25,70,59,47,49,43,37,93,62,31,30.28,30.19,30.12,10,8,4,18,9,24,T,5,Fog,52
2014-3-26,65,60,55,60,52,43,93,75,57,30.18,30.05,29.93,10,9,3,33,14,42,0.15,8,Rain,155
2014-3-27,82,72,62,68,64,60,100,77,54,29.91,29.82,29.71,10,6,0,18,9,24,0.04,7,Fog-Rain,166
2014-3-28,95,81,66,68,56,26,97,53,9,29.95,29.77,29.68,10,8,3,24,9,31,0.00,5,,179
2014-3-29,82,70,57,57,40,26,73,45,16,30.22,30.12,29.98,10,10,10,22,11,29,0.00,3,,40
2014-3-30,82,67,51,55,45,38,73,52,31,30.18,30.09,29.96,10,10,10,25,12,32,0.00,2,,130
2014-3-31,85,73,60,62,59,56,97,70,43,29.99,29.91,29.81,10,9,5,21,12,27,0.00,6,,161
2014-4-1,88,78,68,68,65,62,87,68,48,29.97,29.89,29.79,10,10,7,25,14,29,T,7,Rain,151
2014-4-2,88,80,71,69,68,66,93,74,55,29.89,29.77,29.65,10,9,4,23,13,29,T,7,,149
2014-4-3,85,78,70,70,68,66,90,73,55,29.82,29.72,29.63,10,8,5,16,9,20,0.00,7,,143
2014-4-4,76,68,59,70,39,26,87,52,16,30.08,29.97,29.82,10,9,6,28,13,39,T,6,Rain,29
2014-4-5,64,60,56,50,39,34,77,57,36,30.02,29.94,29.83,10,10,10,16,8,23,T,8,,57
2014-4-6,66,58,49,57,53,47,93,75,56,29.84,29.75,29.70,10,7,0,17,9,22,0.03,7,Fog-Rain,16
2014-4-7,79,62,44,54,49,43,93,65,37,30.05,29.87,29.79,10,10,4,32,6,42,0.40,4,Rain-Hail-Thunderstorm,342
2014-4-8,81,66,51,45,36,27,77,46,15,30.22,30.12,30.04,10,10,10,26,11,38,0.00,0,,329
2014-4-9,87,67,46,55,42,34,76,46,16,30.25,30.15,30.03,10,10,10,26,9,30,0.00,1,,197
2014-4-10,90,73,56,60,55,45,97,60,23,30.11,30.00,29.88,10,10,7,25,14,34,0.00,4,,165
2014-4-11,90,75,59,61,59,53,97,63,29,30.05,29.95,29.85,10,10,10,24,11,29,0.00,4,,157
2014-4-12,88,77,65,65,63,59,87,63,39,29.99,29.88,29.77,10,10,10,28,15,37,0.00,7,,156
2014-4-13,86,78,70,70,66,64,87,68,48,29.84,29.74,29.61,10,10,8,20,12,23,0.00,7,,161
2014-4-14,75,61,47,72,50,30,87,61,34,30.22,29.87,29.64,10,9,5,32,16,45,0.08,6,Rain-Thunderstorm,4
2014-4-15,67,53,39,29,23,15,57,36,14,30.36,30.24,30.12,10,10,10,17,6,24,0.00,0,,20
2014-4-16,76,59,41,50,38,29,70,49,27,30.12,30.01,29.88,10,10,10,23,11,31,0.00,3,,152
2014-4-17,67,62,57,63,58,51,100,86,72,30.16,30.03,29.94,10,7,1,14,8,17,0.17,8,Rain,96
2014-4-18,80,71,61,61,58,54,93,68,42,30.20,30.12,30.04,10,8,2,15,6,19,T,6,Rain,67
2014-4-19,81,68,55,58,55,52,93,66,39,30.14,30.08,30.00,10,10,7,22,8,25,0.00,5,Fog,135
2014-4-20,76,71,65,65,62,58,87,76,64,30.11,30.06,29.98,10,9,4,16,9,20,T,8,,133
2014-4-21,83,76,68,66,64,62,84,71,58,30.07,29.99,29.91,10,10,8,16,9,20,T,7,,182
2014-4-22,91,77,63,65,58,52,93,60,26,30.00,29.94,29.85,10,10,8,17,7,21,0.00,2,Fog,32
2014-4-23,91,77,62,65,62,59,87,63,38,29.94,29.83,29.70,10,10,10,28,12,35,0.00,3,,139
2014-4-24,89,78,67,66,64,61,87,64,41,29.88,29.80,29.74,10,10,10,17,8,24,0.00,5,,144
2014-4-25,89,78,67,68,64,59,93,65,37,30.04,29.91,29.81,10,10,7,22,9,30,0.00,4,,103
2014-4-26,90,79,68,70,66,63,90,68,46,29.91,29.76,29.60,10,8,4,23,12,28,0.00,7,,148
2014-4-27,99,86,72,72,62,39,87,51,14,29.64,29.53,29.43,10,8,4,20,8,24,0.00,5,,176
2014-4-28,99,85,70,63,31,19,64,35,6,29.74,29.60,29.52,10,10,10,22,7,32,0.00,0,,333
2014-4-29,88,75,61,49,35,23,56,34,11,29.98,29.74,29.60,10,10,10,28,13,34,0.00,0,,341
2014-4-30,81,70,58,36,31,26,43,30,16,30.16,30.05,29.95,10,10,8,22,9,27,0.00,5,,3
2014-5-1,80,66,52,39,33,23,54,34,13,30.15,30.08,29.99,10,10,10,17,8,22,0.00,4,,57
2014-5-2,83,68,53,40,34,30,55,36,16,30.08,30.02,29.93,10,10,10,18,7,27,0.00,5,,248
2014-5-3,92,75,57,39,34,27,47,29,10,30.07,30.01,29.95,10,10,10,20,10,24,0.00,0,,225
2014-5-4,92,76,60,50,38,31,39,27,15,30.09,30.01,29.91,10,10,10,22,12,30,0.00,0,,186
2014-5-5,93,78,63,60,57,49,84,56,28,30.02,29.91,29.78,10,10,10,24,13,29,0.00,1,,162
2014-5-6,90,78,66,67,63,57,87,66,44,29.86,29.78,29.69,10,10,8,24,14,30,0.00,5,,149
2014-5-7,90,81,72,68,66,63,84,64,43,29.88,29.79,29.73,10,10,7,25,16,31,T,7,Rain,154
2014-5-8,91,83,75,72,71,68,87,70,52,29.86,29.78,29.70,10,8,4,29,13,35,T,7,,150
2014-5-9,86,76,66,73,66,58,94,74,54,30.00,29.87,29.79,10,7,2,31,8,42,0.27,7,Rain-Thunderstorm,119
2014-5-10,91,76,60,66,63,59,97,69,41,29.94,29.81,29.73,10,10,7,22,8,27,0.00,1,Fog,137
2014-5-11,91,81,71,70,68,66,93,69,44,29.85,29.75,29.65,10,10,7,26,16,34,0.00,6,,141
2014-5-12,87,77,66,74,71,64,94,79,63,29.94,29.79,29.70,10,6,1,26,15,34,2.10,8,Rain-Thunderstorm,124
2014-5-13,66,61,55,64,55,48,93,75,56,30.25,30.05,29.85,10,9,2,22,14,31,0.47,8,Rain-Thunderstorm,2
2014-5-14,77,65,53,50,41,31,83,51,19,30.29,30.21,30.15,10,10,8,25,12,35,T,3,Rain,346
2014-5-15,83,65,47,43,38,30,77,47,16,30.29,30.21,30.11,10,10,10,16,9,22,0.00,0,,238
2014-5-16,88,74,60,54,41,33,64,40,15,30.16,30.07,29.96,10,10,10,22,13,26,0.00,0,,200
2014-5-17,87,74,60,60,56,51,84,58,32,30.00,29.95,29.88,10,10,10,24,14,30,0.00,1,,165
2014-5-18,86,74,62,63,60,56,93,65,37,30.09,30.01,29.94,10,10,10,23,13,31,0.00,4,,142
2014-5-19,88,78,67,64,61,54,87,63,39,30.07,29.98,29.92,10,10,10,25,16,29,0.00,3,,158
2014-5-20,89,78,67,67,63,60,84,62,40,30.08,30.00,29.93,10,10,10,23,15,29,0.00,5,,161
2014-5-21,91,82,72,68,65,61,84,63,41,30.09,30.01,29.92,10,10,10,25,16,31,0.00,6,,150
2014-5-22,89,81,72,69,67,63,90,68,46,30.08,30.01,29.94,10,10,9,23,14,28,T,7,,137
2014-5-23,84,79,73,69,67,63,84,68,51,30.07,30.00,29.91,10,10,8,22,13,27,0.01,7,Rain,141
2014-5-24,87,80,72,74,70,66,93,81,69,30.06,29.96,29.85,10,8,2,23,13,30,0.10,7,Rain,137
2014-5-25,88,80,72,71,68,64,90,69,48,30.05,29.95,29.84,10,8,4,24,13,28,0.02,8,Rain-Thunderstorm,121
2014-5-26,74,70,65,69,65,62,100,90,79,30.08,29.99,29.89,10,8,0,29,8,39,1.72,8,Fog-Rain-Thunderstorm,91
2014-5-27,83,75,66,74,70,64,97,86,74,30.00,29.90,29.81,10,6,0,15,6,18,0.28,7,Fog-Rain-Thunderstorm,94
2014-5-28,87,78,69,71,65,58,93,68,42,29.90,29.85,29.81,10,9,7,22,9,28,0.00,3,,351
2014-5-29,91,78,65,65,62,59,87,63,38,29.88,29.83,29.77,10,10,10,14,5,17,0.00,4,,9
2014-5-30,95,82,69,67,65,59,84,59,33,29.88,29.81,29.74,10,10,10,12,4,14,0.00,3,,339
2014-5-31,94,84,73,70,67,65,84,63,41,29.89,29.83,29.77,10,10,10,17,5,23,0.00,4,,54
2014-6-1,90,81,71,72,69,66,93,70,47,29.96,29.87,29.81,10,9,3,18,7,25,0.00,3,,119
2014-6-2,90,83,75,72,70,68,87,69,50,29.98,29.89,29.84,10,10,7,17,10,22,0.00,5,,149
2014-6-3,91,82,73,72,70,69,93,73,52,30.01,29.93,29.86,10,10,8,18,9,23,0.00,6,,128
2014-6-4,92,84,75,72,70,69,87,68,49,29.92,29.85,29.77,10,10,10,20,11,27,0.00,5,,166
2014-6-5,92,84,76,72,71,68,82,66,49,29.87,29.81,29.75,10,10,10,21,13,26,0.00,6,,165
2014-6-6,93,84,75,72,70,66,87,64,41,29.94,29.85,29.81,10,10,9,25,15,31,0.00,5,,159
2014-6-7,94,85,76,72,70,66,87,67,46,29.98,29.86,29.78,10,10,7,22,15,29,0.00,5,,154
2014-6-8,90,82,74,73,72,68,82,69,55,29.98,29.87,29.73,10,9,5,25,13,32,0.12,7,Rain,147
2014-6-9,89,80,71,73,71,69,85,70,55,29.90,29.79,29.72,10,8,0,20,8,25,1.18,6,Fog-Rain-Thunderstorm,183
2014-6-10,94,81,68,68,59,53,90,58,26,29.94,29.84,29.78,10,10,10,15,6,20,0.00,0,,348
2014-6-11,95,81,67,73,67,61,82,62,41,29.92,29.82,29.71,10,10,7,18,8,23,0.00,2,,140
2014-6-12,96,83,69,76,73,67,88,67,46,30.03,29.83,29.73,10,9,2,33,11,45,0.73,6,Rain-Thunderstorm,125
2014-6-13,90,79,68,73,69,64,90,73,56,30.01,29.91,29.84,10,10,2,17,7,21,0.00,4,Rain-Thunderstorm,115
2014-6-14,90,83,75,73,71,68,94,72,50,29.98,29.88,29.77,10,10,10,24,11,28,T,6,Rain,147
2014-6-15,93,85,77,73,71,66,85,65,44,29.92,29.86,29.81,10,10,10,22,14,27,0.00,6,,159
2014-6-16,93,86,78,75,72,68,91,68,44,30.04,29.94,29.86,10,9,7,23,15,29,0.00,6,,152
2014-6-17,93,86,79,74,70,64,85,63,41,30.03,29.93,29.85,10,10,8,23,16,30,0.00,7,,151
2014-6-18,93,86,78,74,71,66,85,65,44,30.02,29.93,29.84,10,10,8,28,16,33,T,7,,149
2014-6-19,88,83,77,73,70,67,79,65,50,30.03,29.96,29.91,10,10,10,22,13,27,T,7,Rain,143
2014-6-20,93,84,75,73,70,65,88,64,39,30.09,30.00,29.92,10,10,10,21,11,27,0.00,6,,131
2014-6-21,93,85,77,73,70,64,88,65,41,30.05,29.94,29.83,10,10,7,23,11,28,0.00,7,,152
2014-6-22,89,81,73,74,71,68,85,68,50,29.97,29.87,29.78,10,9,6,21,12,24,0.01,7,Rain,152
2014-6-23,96,87,77,75,72,68,91,67,42,29.98,29.87,29.81,10,10,8,23,12,26,0.24,6,Rain,149
2014-6-24,94,86,77,74,72,68,85,66,47,30.06,29.98,29.92,10,10,8,30,10,39,T,7,,162
2014-6-25,88,79,70,75,72,67,94,78,61,30.09,29.99,29.90,10,7,0,28,9,35,2.98,8,Fog-Rain-Thunderstorm,119
2014-6-26,88,80,71,75,72,69,93,77,61,30.02,29.93,29.81,10,9,1,26,8,36,0.12,6,Rain-Thunderstorm,129
2014-6-27,91,84,76,75,72,70,91,72,52,29.93,29.85,29.77,10,10,9,26,15,32,T,7,Rain,158
2014-6-28,92,85,78,75,73,71,85,69,52,29.96,29.87,29.80,10,10,9,25,16,31,T,6,,155
2014-6-29,94,86,77,76,74,71,91,70,49,30.03,29.95,29.89,10,9,7,24,16,30,T,5,Rain,154
2014-6-30,94,86,77,74,72,67,85,63,41,30.03,29.92,29.83,10,9,7,26,17,32,0.00,4,,159
2014-7-1,94,85,76,73,70,65,94,68,41,29.97,29.89,29.85,10,10,7,24,14,29,0.00,3,,152
2014-7-2,93,83,73,73,70,65,94,67,39,30.07,29.99,29.94,10,10,9,18,9,23,0.00,4,,152
2014-7-3,93,84,75,72,68,64,87,64,41,30.11,30.05,30.00,10,10,10,23,7,29,0.00,2,,138
2014-7-4,92,82,72,72,69,67,87,66,44,30.18,30.13,30.06,10,10,10,25,6,32,0.01,4,Rain-Thunderstorm,95
2014-7-5,93,83,72,72,69,67,87,64,41,30.19,30.10,30.01,10,10,7,24,6,30,0.00,4,Rain-Thunderstorm,115
2014-7-6,94,83,72,72,70,64,93,66,39,30.10,30.01,29.89,10,10,6,20,8,25,0.00,3,Fog,137
2014-7-7,94,84,73,71,67,59,87,61,34,30.00,29.96,29.90,10,10,7,20,10,24,0.00,3,Fog,152
2014-7-8,96,86,75,73,69,60,88,62,36,30.07,29.98,29.93,10,10,2,22,12,27,0.00,3,,157
2014-7-9,96,86,75,73,68,61,94,64,33,30.09,29.99,29.91,10,10,9,24,11,28,0.00,3,,161
2014-7-10,91,82,72,72,68,64,93,69,44,30.07,30.00,29.94,10,10,8,30,11,37,0.00,4,,157
2014-7-11,93,83,72,73,67,61,87,62,36,30.14,30.06,30.00,10,10,10,23,12,30,T,6,,131
2014-7-12,95,85,74,73,69,64,94,65,36,30.17,30.09,29.99,10,10,7,18,9,22,0.00,4,,159
2014-7-13,97,86,75,73,69,64,88,62,35,30.12,30.03,29.94,10,10,9,17,8,20,0.00,1,,170
2014-7-14,99,88,76,73,66,59,85,57,28,30.07,29.97,29.86,10,10,10,16,8,22,0.00,1,,167
2014-7-15,96,86,75,73,70,64,85,61,36,30.02,29.95,29.88,10,10,2,29,5,38,0.21,5,Rain-Thunderstorm,96
2014-7-16,95,86,76,74,70,66,88,65,41,30.02,29.91,29.80,10,10,10,24,8,30,0.00,6,,108
2014-7-17,96,87,78,73,72,68,85,64,42,29.93,29.82,29.73,10,10,7,22,11,28,T,7,Thunderstorm,154
2014-7-18,83,78,72,74,72,69,94,82,69,30.01,29.91,29.82,10,8,0,25,8,30,3.02,8,Fog-Rain-Thunderstorm,29
2014-7-19,90,82,73,72,69,66,87,70,52,30.02,29.96,29.88,10,10,10,12,6,15,0.00,7,,69
2014-7-20,95,86,76,77,73,70,94,70,46,30.02,29.93,29.85,10,10,7,18,7,24,0.00,4,,114
2014-7-21,95,87,78,76,74,71,91,70,49,30.04,29.95,29.88,10,10,9,20,9,23,0.00,3,,130
2014-7-22,95,86,76,74,70,64,88,62,36,30.08,29.99,29.93,10,10,8,12,6,14,0.00,4,,129
2014-7-23,97,87,77,76,72,66,91,65,38,30.05,29.99,29.90,10,10,7,13,4,19,0.00,3,Fog,112
2014-7-24,94,87,79,74,69,64,79,60,41,30.02,29.95,29.89,10,10,10,15,7,19,T,5,,121
2014-7-25,95,86,77,75,70,65,91,66,41,30.07,29.96,29.88,10,10,10,20,7,27,0.00,3,,176
2014-7-26,98,87,76,73,70,64,85,60,35,30.02,29.94,29.86,10,10,8,24,11,29,0.00,1,,156
2014-7-27,98,86,74,73,70,66,87,63,38,30.09,29.99,29.92,10,10,10,20,11,24,0.00,2,,150
2014-7-28,97,87,76,73,70,63,88,61,33,30.15,30.04,29.96,10,10,10,17,7,24,0.00,3,,158
2014-7-29,99,87,75,71,65,58,79,54,29,30.09,30.01,29.94,10,10,10,18,6,23,0.00,3,,145
2014-7-30,97,86,75,72,66,56,87,56,25,30.07,29.96,29.84,10,10,10,22,11,29,0.00,5,,159
2014-7-31,97,88,79,74,72,68,85,64,43,30.01,29.92,29.84,10,10,10,17,7,22,0.01,6,Rain-Thunderstorm,170
2014-8-1,94,86,78,70,65,60,63,50,36,30.04,29.94,29.87,10,10,10,16,8,20,0.00,6,,44
2014-8-2,92,82,72,67,64,60,84,60,36,30.04,29.98,29.92,10,10,10,13,9,20,0.00,4,,55
2014-8-3,96,83,70,68,64,60,84,57,30,30.09,29.98,29.90,10,10,10,16,6,22,0.00,1,,16
2014-8-4,97,86,75,69,66,62,79,57,34,30.03,29.96,29.87,10,10,7,17,6,25,0.00,3,Fog,55
2014-8-5,97,85,73,71,66,61,87,59,31,30.09,29.98,29.91,10,10,7,23,5,27,0.00,3,Fog,129
2014-8-6,100,88,75,73,68,60,88,59,29,30.06,29.95,29.84,10,10,7,23,8,28,0.00,4,,135
2014-8-7,102,90,78,74,70,60,85,56,27,30.00,29.89,29.77,10,10,8,25,11,29,0.00,3,,160
2014-8-8,102,90,78,75,70,61,85,56,27,30.01,29.90,29.81,10,10,10,23,10,28,0.00,2,,160
2014-8-9,99,89,78,73,68,59,79,54,28,30.01,29.94,29.84,10,10,10,18,10,24,0.00,3,,176
2014-8-10,99,89,78,74,70,63,85,58,31,30.05,29.96,29.86,10,10,10,22,8,26,0.00,3,,165
2014-8-11,102,91,79,75,70,62,85,57,29,30.08,29.99,29.91,10,10,10,29,8,35,0.00,4,,177
2014-8-12,99,87,74,72,69,65,87,60,33,30.09,29.99,29.91,10,10,7,26,6,33,0.08,6,Rain-Thunderstorm,285
2014-8-13,101,88,74,73,62,54,93,58,23,30.10,29.98,29.92,10,10,10,20,6,28,0.00,2,,37
2014-8-14,101,86,71,65,59,50,68,44,19,30.06,29.95,29.86,10,10,10,18,6,23,0.00,1,,104
2014-8-15,99,87,75,74,68,59,87,58,29,30.05,29.94,29.81,10,10,10,18,7,24,0.00,5,,150
2014-8-16,102,90,78,74,70,57,85,55,24,30.00,29.90,29.80,10,10,10,25,10,30,0.00,4,,163
2014-8-17,101,91,81,74,69,57,79,53,26,30.00,29.90,29.82,10,10,10,23,13,29,0.00,7,,161
2014-8-18,102,91,79,74,71,62,79,54,29,29.99,29.89,29.77,10,10,10,26,13,32,0.00,6,,158
2014-8-19,98,88,77,70,66,61,69,49,29,29.96,29.86,29.75,10,10,10,26,12,32,0.00,7,,159
2014-8-20,101,90,79,74,70,62,85,58,31,29.99,29.90,29.81,10,10,10,26,16,35,0.00,4,,156
2014-8-21,102,92,81,75,70,60,79,53,27,30.06,29.98,29.89,10,10,10,26,17,32,0.00,3,,157
2014-8-22,101,90,79,75,67,56,85,54,23,30.07,29.99,29.90,10,10,10,23,13,30,0.00,2,,167
2014-8-23,101,90,78,73,68,57,85,56,27,30.04,29.94,29.82,10,10,10,23,11,28,0.00,3,,166
2014-8-24,100,89,78,74,69,62,85,58,31,29.99,29.89,29.79,10,10,10,22,9,27,0.00,3,,158
2014-8-25,101,90,79,74,68,59,85,57,28,29.97,29.89,29.80,10,10,10,18,7,24,0.00,2,,154
2014-8-26,101,90,78,72,68,62,79,54,29,29.97,29.92,29.84,10,10,10,29,6,35,0.00,5,,132
2014-8-27,99,88,76,72,66,55,79,54,28,30.03,29.94,29.86,10,10,10,17,6,21,0.00,2,,93
2014-8-28,98,87,76,73,70,67,82,61,39,29.97,29.87,29.78,10,10,10,25,9,33,0.00,3,,88
2014-8-29,99,88,77,74,71,64,88,61,33,29.92,29.84,29.75,10,10,10,22,9,26,0.00,6,,96
2014-8-30,98,87,76,74,71,64,88,63,38,29.97,29.88,29.81,10,10,10,24,9,29,0.00,4,,126
2014-8-31,98,88,78,74,72,68,85,64,42,30.00,29.91,29.83,10,10,10,28,12,33,T,5,Rain,167
2014-9-1,99,89,79,74,71,64,85,59,33,29.96,29.88,29.78,10,10,10,24,13,28,0.00,5,,161
2014-9-2,99,89,79,75,72,68,85,63,40,29.97,29.90,29.82,10,10,10,25,12,31,0.01,4,,146
2014-9-3,98,87,76,75,72,66,91,66,40,30.01,29.94,29.87,10,10,7,31,9,43,0.10,6,Rain,131
2014-9-4,88,81,74,76,73,69,94,80,65,30.07,29.98,29.92,10,9,3,35,8,41,0.08,6,Rain-Thunderstorm,131
2014-9-5,97,87,77,76,72,65,94,65,36,30.09,30.00,29.90,10,10,7,29,9,37,T,6,Rain,138
2014-9-6,96,86,76,75,70,63,91,63,34,30.09,29.99,29.88,10,10,9,21,7,25,0.00,5,,153
2014-9-7,93,84,74,73,71,68,87,69,50,30.06,29.99,29.91,10,10,10,20,6,24,T,6,Rain-Thunderstorm,37
2014-9-8,96,84,72,71,68,63,87,62,36,30.06,29.97,29.88,10,10,10,15,5,18,0.00,3,,175
2014-9-9,97,87,76,73,69,63,87,61,35,30.02,29.90,29.79,10,10,10,23,9,29,0.00,1,,168
2014-9-10,99,89,78,73,70,64,85,59,33,29.91,29.82,29.73,10,10,10,21,11,25,0.00,2,,173
2014-9-11,99,89,79,74,70,63,85,58,31,29.96,29.87,29.79,10,10,10,22,8,26,0.00,4,,160
2014-9-12,98,83,68,74,70,64,93,65,36,30.10,29.97,29.89,10,10,5,22,9,29,0.26,6,Rain,65
2014-9-13,70,67,63,64,60,57,87,80,73,30.21,30.12,30.03,10,10,7,22,13,30,0.06,8,Rain,19
2014-9-14,85,76,66,66,64,60,87,71,55,30.22,30.13,30.05,10,10,7,13,7,16,0.00,7,,51
2014-9-15,90,80,69,69,67,66,90,69,47,30.14,30.07,29.99,10,10,7,14,3,17,0.00,6,,49
2014-9-16,95,86,76,75,72,69,87,68,49,30.09,29.99,29.89,10,10,10,20,8,22,T,6,,72
2014-9-17,89,83,77,77,74,71,91,75,59,29.99,29.90,29.80,10,9,3,17,7,20,0.40,7,Rain,119
2014-9-18,96,86,75,75,72,67,91,66,41,29.92,29.84,29.74,10,10,5,25,9,34,0.06,7,Rain,135
2014-9-19,90,83,75,75,73,71,94,77,59,29.94,29.86,29.80,10,10,10,17,7,21,T,7,,102
2014-9-20,90,83,75,73,72,69,94,73,52,30.00,29.91,29.84,10,10,7,17,8,23,0.13,6,Rain,98
2014-9-21,94,85,75,72,68,64,87,63,39,30.06,29.98,29.93,10,10,10,20,7,25,0.00,3,,69
2014-9-22,94,81,68,69,65,62,90,63,36,30.14,30.04,29.98,10,10,10,15,7,20,0.00,3,,13
2014-9-23,91,82,72,69,61,53,79,55,31,30.11,30.05,29.98,10,10,10,15,8,19,0.00,4,,73
2014-9-24,87,76,64,57,54,46,73,49,25,30.11,30.06,30.02,10,10,10,14,6,18,0.00,5,,54
2014-9-25,89,77,65,65,60,57,78,62,45,30.10,30.06,30.01,10,10,10,21,9,26,0.00,5,,54
2014-9-26,87,78,69,70,66,63,93,71,48,30.12,30.03,29.95,10,9,3,17,7,22,0.56,6,Fog-Rain,55
2014-9-27,77,71,65,69,66,61,93,77,60,30.03,29.98,29.95,10,9,6,15,5,20,0.11,7,Rain,39
2014-9-28,87,76,64,66,63,61,93,69,44,30.05,29.96,29.91,10,10,10,15,7,20,0.00,3,,6
2014-9-29,92,81,70,69,63,59,84,60,36,29.96,29.90,29.84,10,10,10,12,5,16,0.00,4,,39
2014-9-30,92,80,67,70,65,61,87,63,38,29.86,29.81,29.72,10,10,10,13,6,16,0.00,1,,147
2014-10-1,94,85,76,75,71,66,88,66,44,29.82,29.76,29.70,10,10,10,17,9,25,0.00,4,,163
2014-10-2,95,87,79,76,72,60,85,65,44,29.91,29.82,29.75,10,10,7,21,11,29,0.00,6,,190
2014-10-3,90,79,67,64,49,41,79,49,19,30.17,30.03,29.89,10,10,10,18,9,23,0.00,1,,37
2014-10-4,84,73,62,62,49,43,78,51,24,30.18,30.09,29.98,10,10,10,16,9,20,0.00,0,,101
2014-10-5,89,77,64,70,64,62,93,68,43,29.98,29.88,29.76,10,10,9,22,11,27,0.00,3,,177
2014-10-6,92,83,74,72,69,62,87,64,41,29.93,29.83,29.78,10,10,10,21,9,26,T,5,Rain,153
2014-10-7,94,85,75,73,69,61,94,65,36,30.00,29.90,29.84,10,10,10,21,9,25,0.00,5,,177
2014-10-8,92,84,76,72,68,61,87,62,36,30.00,29.94,29.88,10,10,7,21,12,27,0.00,4,,163
2014-10-9,94,85,76,73,70,64,94,68,41,30.01,29.91,29.81,10,10,10,22,15,27,T,5,,166
2014-10-10,94,86,77,72,70,65,82,62,41,29.95,29.87,29.79,10,10,10,23,15,30,0.00,5,,166
2014-10-11,79,72,64,72,63,56,79,70,61,30.07,29.99,29.88,10,9,1,23,10,28,0.61,8,Rain-Thunderstorm,24
2014-10-12,79,71,63,74,63,55,87,78,69,30.04,29.87,29.70,10,9,4,20,6,26,T,7,Rain,92
2014-10-13,82,71,59,73,56,43,88,58,28,30.03,29.82,29.68,10,10,10,29,13,36,0.01,3,,281
2014-10-14,83,67,51,45,40,32,77,47,16,30.20,30.09,30.04,10,10,10,18,8,24,0.00,0,,315
2014-10-15,88,70,52,46,39,32,71,43,14,30.12,30.05,29.97,10,10,10,12,6,20,0.00,0,,270
2014-10-16,89,72,54,55,45,41,72,46,19,29.99,29.93,29.85,10,10,10,20,9,23,0.00,0,,209
2014-10-17,89,74,58,65,58,54,87,61,34,29.97,29.88,29.83,10,10,10,14,6,17,0.00,0,,171
2014-10-18,89,79,69,70,66,61,90,65,40,30.07,29.96,29.90,10,10,10,14,6,18,0.00,5,,85
2014-10-19,86,76,66,68,63,55,93,65,37,30.11,30.01,29.96,10,10,10,17,7,22,0.00,4,,88
2014-10-20,85,76,66,65,61,57,87,64,40,30.04,29.98,29.94,10,10,7,15,7,19,0.00,6,,74
2014-10-21,84,73,62,61,55,47,84,59,34,30.04,29.98,29.93,10,10,10,15,6,21,0.00,3,,59
2014-10-22,85,74,63,57,54,49,68,51,34,30.09,30.03,29.98,10,10,10,16,6,22,0.00,5,,91
2014-10-23,85,76,67,66,60,57,90,65,40,30.11,30.06,30.01,10,10,7,12,3,13,0.02,4,Rain,113
2014-10-24,88,74,60,60,58,57,84,60,36,30.15,30.09,30.03,10,10,10,10,3,13,0.00,0,,189
2014-10-25,89,76,62,60,57,54,84,58,31,30.15,30.09,30.04,10,10,10,12,4,15,0.00,0,,179
2014-10-26,87,73,59,62,57,51,90,61,32,30.05,29.97,29.88,10,10,8,16,8,24,0.00,0,,182
2014-10-27,87,76,65,64,61,58,93,65,37,29.91,29.86,29.79,10,10,10,21,11,26,0.00,1,,180
2014-10-28,85,76,67,67,64,61,93,70,47,30.06,29.95,29.87,10,10,10,12,4,16,0.00,5,,154
2014-10-29,85,76,66,64,63,61,87,69,51,30.16,30.06,30.02,10,10,10,12,5,14,0.00,4,,53
2014-10-30,86,76,66,63,62,60,87,66,44,30.16,30.06,29.99,10,9,6,9,5,12,0.00,4,,86
2014-10-31,79,68,57,65,52,36,93,57,21,30.28,30.17,30.05,10,9,1,21,10,27,1.27,5,Rain-Thunderstorm,16
2014-11-1,70,60,49,52,42,38,75,55,35,30.36,30.29,30.23,10,10,10,15,8,19,0.00,2,,89
2014-11-2,78,64,50,55,51,47,89,64,38,30.31,30.21,30.13,10,10,10,22,12,27,0.00,6,,122
2014-11-3,76,70,64,66,61,55,78,71,64,30.13,30.08,30.03,10,10,10,24,10,29,T,8,Rain,139
2014-11-4,81,70,59,68,63,56,97,74,51,30.14,30.04,29.96,10,7,2,26,11,33,2.32,8,Rain,121
2014-11-5,60,59,57,58,56,54,100,93,86,30.20,30.10,30.02,10,5,2,16,10,22,2.30,8,Rain,17
2014-11-6,63,61,58,57,50,40,93,70,46,30.29,30.23,30.17,10,9,3,17,11,23,0.05,8,Rain,11
2014-11-7,70,64,58,49,41,33,67,47,26,30.25,30.15,30.03,10,10,10,13,6,16,T,5,,1
2014-11-8,77,65,53,52,49,44,86,62,38,30.16,30.06,30.00,10,10,10,20,6,25,0.00,3,,345
2014-11-9,74,60,45,44,41,37,86,58,29,30.17,30.05,29.91,10,10,10,13,6,16,0.00,0,,246
2014-11-10,78,63,47,59,52,43,86,68,49,29.91,29.81,29.72,10,10,10,17,7,22,0.00,4,,193
2014-11-11,66,56,45,62,43,29,93,67,40,30.16,29.97,29.75,10,10,10,25,10,32,0.00,6,,2
2014-11-12,52,46,39,28,23,18,55,45,34,30.38,30.26,30.17,10,10,10,22,14,29,0.00,5,,10
2014-11-13,44,40,35,16,12,9,40,33,25,30.52,30.45,30.39,10,10,10,22,14,29,0.00,8,,7
2014-11-14,46,41,35,22,16,9,43,36,29,30.44,30.34,30.24,10,10,10,13,7,16,0.00,8,,71
2014-11-15,49,45,40,48,40,22,96,70,43,30.22,30.11,29.99,10,4,0,10,5,12,0.04,8,Fog-Rain,82
2014-11-16,56,47,37,54,46,30,100,88,76,30.20,29.97,29.86,10,6,0,24,9,32,0.03,8,Rain,354
2014-11-17,54,43,31,28,20,13,76,49,21,30.44,30.35,30.22,10,10,10,21,10,27,0.00,3,,357
2014-11-18,56,45,34,28,20,13,75,47,18,30.53,30.44,30.38,10,10,10,13,5,17,0.00,3,,171
2014-11-19,67,53,38,46,40,23,80,59,37,30.35,30.24,30.15,10,10,10,18,7,23,0.00,1,,216
2014-11-20,66,57,47,64,55,44,97,87,77,30.15,30.07,29.99,10,7,2,10,3,13,0.17,7,Rain,223
2014-11-21,74,70,65,67,65,63,100,90,79,30.11,30.02,29.95,10,6,0,20,9,30,0.46,8,Fog-Rain-Thunderstorm,161
2014-11-22,77,69,60,68,63,52,93,83,72,30.04,29.83,29.68,10,8,0,38,13,63,1.84,7,Rain-Thunderstorm,151
2014-11-23,81,67,52,58,49,40,93,60,26,29.78,29.66,29.52,10,10,10,20,9,27,0.00,2,,265
2014-11-24,66,55,44,38,31,23,59,41,22,30.14,30.02,29.81,10,10,10,23,8,30,0.00,1,,355
2014-11-25,68,54,39,34,30,23,73,46,19,30.34,30.23,30.13,10,10,10,16,7,21,0.00,0,,278
2014-11-26,74,57,39,41,34,31,73,48,23,30.31,30.20,30.14,10,10,10,17,7,21,0.00,0,,248
2014-11-27,66,55,43,39,34,26,76,52,27,30.49,30.40,30.32,10,10,10,15,6,22,0.00,0,,36
2014-11-28,73,58,42,53,46,37,82,62,41,30.35,30.21,30.08,10,10,10,18,8,26,0.00,2,,219
2014-11-29,76,65,54,62,57,53,93,75,57,30.07,30.00,29.93,10,10,10,23,11,30,0.00,4,,183
2014-11-30,78,72,65,64,62,59,87,71,54,30.10,30.02,29.96,10,10,10,22,10,28,0.00,6,,175
2014-12-1,70,57,43,63,50,26,93,71,49,30.38,30.23,30.08,10,8,0,21,10,27,0.00,7,,35
2014-12-2,51,47,42,45,35,26,86,70,53,30.38,30.28,30.18,10,9,5,14,6,18,T,8,,61
2014-12-3,60,55,49,56,51,45,93,88,83,30.22,30.15,30.10,10,3,0,7,1,9,T,8,Fog-Rain,21
2014-12-4,70,65,60,66,62,57,100,89,78,30.16,30.08,30.00,10,2,0,15,5,18,0.10,8,Fog-Rain,121
2014-12-5,75,67,59,66,62,57,97,83,68,30.15,30.07,29.99,10,9,6,15,8,22,T,6,Rain,224
2014-12-6,70,63,56,57,53,49,93,75,57,30.32,30.26,30.17,10,10,10,17,8,23,0.00,2,,7
2014-12-7,64,58,51,50,49,47,89,75,60,30.36,30.27,30.20,10,10,10,15,7,19,0.00,7,,23
2014-12-8,71,61,51,50,48,45,83,65,47,30.34,30.28,30.22,10,10,10,13,7,17,0.00,4,,32
2014-12-9,70,58,46,49,46,43,93,69,44,30.35,30.26,30.19,10,10,7,10,4,13,0.00,4,Fog,87
2014-12-10,69,62,54,58,50,39,78,63,48,30.24,30.16,30.09,10,10,7,15,6,19,T,8,Rain,155
2014-12-11,68,64,59,61,58,56,97,83,68,30.23,30.16,30.09,10,6,0,13,5,16,0.63,8,Rain,119
2014-12-12,72,67,61,59,58,56,97,79,61,30.28,30.19,30.14,10,10,10,16,8,19,T,7,Rain,155
2014-12-13,73,64,54,60,57,53,100,81,61,30.22,30.13,30.02,10,6,0,15,6,20,0.00,5,Fog,125
2014-12-14,73,68,63,64,61,60,93,79,64,30.01,29.91,29.81,10,10,8,23,9,27,0.00,8,,171
2014-12-15,76,64,52,63,50,31,93,56,19,30.13,29.98,29.88,10,7,0,15,5,19,0.00,4,,311
2014-12-16,67,59,50,36,34,32,52,41,29,30.30,30.22,30.14,10,10,10,15,8,20,0.00,4,,47
2014-12-17,58,54,49,55,45,36,89,68,47,30.20,30.10,30.00,10,8,2,14,7,16,0.02,8,Rain,52
2014-12-18,67,62,56,60,57,54,93,86,78,30.10,30.04,29.99,10,5,0,13,6,17,0.04,8,Fog-Rain,29
2014-12-19,65,58,51,54,49,45,96,78,60,30.16,30.07,29.99,10,7,1,18,11,24,0.16,7,Rain,16
2014-12-20,60,54,48,47,44,43,86,72,57,30.22,30.16,30.11,10,10,10,16,8,23,0.00,7,,40
2014-12-21,56,54,52,53,50,48,89,83,77,30.13,30.00,29.83,10,8,2,13,7,18,T,8,,189
2014-12-22,71,63,55,55,54,51,100,75,49,29.82,29.69,29.59,10,8,2,14,6,19,T,7,Rain,224
2014-12-23,58,51,44,53,41,32,86,71,55,30.02,29.75,29.57,10,10,7,25,14,32,0.00,6,,358
2014-12-24,59,48,37,31,30,28,70,52,33,30.16,30.09,30.03,10,10,10,24,10,31,0.00,1,,301
2014-12-25,66,49,31,48,32,25,85,55,24,30.10,30.02,29.94,10,10,10,23,10,30,0.00,2,,181
2014-12-26,73,64,54,63,56,48,93,75,57,29.97,29.90,29.82,10,9,2,15,6,18,T,7,Rain,139
2014-12-27,65,55,45,63,51,34,93,77,60,30.21,30.04,29.88,10,5,0,24,12,32,0.03,8,Fog-Rain,17
2014-12-28,50,43,35,35,33,30,92,71,50,30.29,30.20,30.14,10,9,4,21,7,28,0.25,6,Rain,338
2014-12-29,63,48,32,42,37,30,92,68,43,30.15,30.10,30.03,10,10,10,13,5,18,0.00,1,,253
2014-12-30,48,44,40,45,41,33,100,90,80,30.41,30.30,30.15,10,5,0,18,8,25,0.01,7,Fog-Rain,45
2014-12-31,42,40,37,34,30,29,79,72,64,30.47,30.40,30.34,10,9,5,20,12,27,T,8,Rain,19
2015-1-1,42,39,36,39,36,29,93,82,70,30.31,30.20,30.09,10,4,0,14,7,17,0.07,8,Fog-Rain,20
2015-1-2,44,42,40,41,40,38,96,91,86,30.14,30.03,29.93,10,4,1,18,7,24,0.31,8,Rain-Thunderstorm,5
2015-1-3,65,53,41,44,40,38,93,69,44,30.10,29.98,29.91,10,9,2,13,6,14,0.42,5,Rain-Thunderstorm,275
2015-1-4,57,47,36,38,32,25,93,66,38,30.61,30.41,30.12,10,10,10,20,9,26,0.00,3,,8
2015-1-5,53,42,30,30,23,21,69,49,29,30.66,30.54,30.43,10,10,10,13,5,16,0.00,5,,73
2015-1-6,67,52,36,37,32,28,76,53,29,30.42,30.35,30.28,10,10,10,12,5,17,0.00,2,,229
2015-1-7,55,45,34,39,30,9,76,54,32,30.72,30.51,30.29,10,10,10,29,13,37,0.00,4,,360
2015-1-8,41,35,28,21,13,6,48,41,33,30.72,30.48,30.28,10,10,10,18,8,24,0.00,7,,149
2015-1-9,42,38,34,36,29,21,92,68,43,30.51,30.40,30.27,10,9,1,20,10,26,0.05,8,Rain,24
2015-1-10,40,37,33,34,31,27,92,84,75,30.49,30.38,30.25,10,5,1,13,7,16,0.36,8,Rain,28
2015-1-11,53,45,36,44,40,35,100,89,77,30.26,30.16,30.07,10,8,2,12,5,16,T,7,Rain,244
2015-1-12,58,48,37,45,39,35,96,79,62,30.40,30.25,30.13,10,10,7,21,9,29,0.00,6,,5
2015-1-13,44,41,38,37,34,32,82,74,65,30.45,30.37,30.31,10,10,10,21,10,26,T,8,Rain,10
2015-1-14,41,40,39,39,37,34,92,86,79,30.36,30.30,30.23,10,5,1,10,7,13,T,8,Rain,15
2015-1-15,60,50,40,39,37,35,86,65,44,30.36,30.30,30.26,10,10,8,15,7,20,T,6,,329
2015-1-16,64,50,36,40,36,33,92,64,36,30.35,30.26,30.16,10,10,10,13,5,16,0.00,5,,244
2015-1-17,71,55,39,44,40,30,86,58,30,30.22,30.11,30.01,10,10,10,17,7,22,0.00,5,,265
2015-1-18,69,56,42,33,29,22,60,39,17,30.37,30.25,30.17,10,10,10,14,5,19,0.00,3,,296
2015-1-19,73,55,37,48,41,31,82,58,33,30.17,30.03,29.91,10,10,10,15,6,21,0.00,2,,267
2015-1-20,82,62,42,51,45,38,89,60,30,30.00,29.90,29.82,10,10,10,16,6,19,0.00,0,,266
2015-1-21,61,56,51,57,52,46,100,86,72,30.09,30.00,29.94,10,7,0,14,8,19,0.22,7,Rain,45
2015-1-22,59,51,43,58,47,37,93,88,82,30.20,30.02,29.89,10,6,1,25,15,37,1.85,8,Rain,13
2015-1-23,48,43,37,39,37,34,92,77,61,30.29,30.24,30.17,10,9,2,18,10,25,0.10,7,Rain,328
2015-1-24,64,49,33,40,34,31,96,63,30,30.27,30.18,30.07,10,10,9,12,5,14,0.00,4,,253
2015-1-25,73,55,37,40,36,29,86,53,20,30.20,30.10,30.01,10,10,10,17,6,22,0.00,4,,326
2015-1-26,73,56,39,39,36,33,79,52,25,30.27,30.20,30.15,10,10,10,12,7,14,0.00,4,,276
2015-1-27,82,62,42,42,38,33,76,47,18,30.19,30.13,30.08,10,10,10,10,5,16,0.00,2,,280
2015-1-28,80,62,44,54,41,37,76,50,23,30.16,30.10,30.04,10,10,10,17,9,21,0.00,2,,210
2015-1-29,75,63,51,58,53,39,100,70,40,30.32,30.19,30.10,10,8,0,15,6,21,0.00,6,Fog,184
2015-1-30,61,56,51,40,37,33,59,51,43,30.39,30.30,30.22,10,10,10,18,11,24,0.00,7,,54
2015-1-31,63,57,51,61,53,40,100,80,59,30.21,30.01,29.87,10,6,0,15,6,18,0.29,8,Fog-Rain,107
2015-2-1,77,63,48,61,55,31,100,73,46,30.19,29.94,29.86,10,7,0,26,10,36,0.00,7,Fog,174
2015-2-2,52,45,38,31,25,21,54,43,32,30.38,30.29,30.21,10,10,10,22,9,31,0.00,6,,40
2015-2-3,45,43,41,42,37,28,96,75,53,30.32,30.24,30.17,10,7,3,9,4,10,0.28,8,Rain,119
2015-2-4,53,49,44,48,45,42,93,85,77,30.17,30.10,30.01,10,6,2,10,4,14,0.02,8,Rain,202
2015-2-5,53,48,42,48,38,34,89,77,65,30.40,30.33,30.19,10,10,6,21,10,27,T,8,,4
2015-2-6,56,50,43,43,39,34,80,71,61,30.40,30.32,30.22,10,10,10,12,4,16,0.00,7,,207
2015-2-7,68,59,49,56,49,43,83,68,53,30.21,30.07,29.96,10,10,10,18,9,24,0.00,5,,208
2015-2-8,74,63,52,57,55,47,93,73,53,29.99,29.90,29.80,10,7,0,16,9,20,T,5,Fog-Rain,232
2015-2-9,84,67,50,48,45,38,77,48,19,30.13,30.04,29.97,10,10,10,14,4,19,0.00,0,,327
2015-2-10,80,63,46,49,45,41,86,56,26,30.03,29.96,29.88,10,10,10,15,7,23,0.00,0,,194
2015-2-11,76,62,47,53,49,44,86,60,33,30.14,29.99,29.92,10,10,10,20,6,26,0.00,1,,119
2015-2-12,65,57,48,52,38,35,75,56,37,30.35,30.28,30.17,10,10,10,21,11,32,0.00,4,,25
2015-2-13,69,58,47,46,38,32,61,49,37,30.34,30.27,30.20,10,10,10,13,4,17,0.00,4,,213
2015-2-14,74,61,48,55,52,46,93,71,49,30.25,30.20,30.14,10,9,6,13,6,16,0.00,5,,235
2015-2-15,70,66,61,62,58,53,90,78,66,30.13,30.00,29.87,10,9,5,17,8,22,0.06,8,Rain,173
2015-2-16,65,53,40,62,46,30,87,69,50,30.15,29.95,29.81,10,9,2,30,12,37,0.02,8,Rain,341
2015-2-17,56,46,36,32,28,24,70,51,32,30.31,30.20,30.10,10,10,10,23,9,29,T,5,,11
2015-2-18,64,48,32,34,29,27,82,55,27,30.34,30.28,30.20,10,10,10,17,7,23,0.00,0,,209
2015-2-19,70,54,38,50,42,33,85,63,40,30.32,30.20,30.06,10,10,10,23,10,30,0.00,1,,190
2015-2-20,79,69,58,61,57,50,87,68,48,30.03,29.88,29.74,10,10,10,22,14,28,0.00,6,,174
2015-2-21,79,71,62,60,58,50,87,68,48,29.93,29.85,29.78,10,10,7,16,9,21,0.00,6,,170
2015-2-22,66,53,40,58,48,36,87,76,64,30.27,30.05,29.91,10,8,3,28,11,37,T,8,Rain,29
2015-2-23,41,37,32,34,28,26,82,76,70,30.46,30.38,30.29,10,10,7,24,14,32,T,8,Rain,4
2015-2-24,42,37,32,33,29,27,85,74,62,30.35,30.19,29.98,10,9,4,12,7,14,T,8,Rain,24
2015-2-25,67,52,36,37,33,26,92,57,22,30.00,29.90,29.78,10,8,2,20,7,26,0.01,5,Rain,323
2015-2-26,62,49,36,39,33,25,82,62,42,30.31,30.11,29.87,10,10,10,23,10,29,0.00,3,,25
2015-2-27,38,36,33,31,27,21,89,71,52,30.35,30.30,30.25,10,7,1,18,11,26,0.02,8,Rain,35
2015-2-28,39,37,34,37,34,29,96,89,82,30.28,30.23,30.19,10,4,1,14,9,19,0.12,8,Rain,20
2015-3-1,48,44,39,45,41,37,100,95,89,30.28,30.21,30.16,8,3,1,15,9,19,0.05,8,Rain,12
2015-3-2,49,45,41,45,42,39,96,88,80,30.31,30.21,30.12,10,4,0,14,8,20,0.01,8,Fog-Rain,33
2015-3-3,60,53,45,58,52,44,100,93,86,30.09,29.93,29.81,5,1,0,7,3,9,0.13,8,Fog-Rain,99
2015-3-4,69,54,38,66,58,32,100,92,83,30.13,29.85,29.75,10,3,0,30,10,41,0.03,8,Fog-Rain,147
2015-3-5,50,42,33,33,24,19,85,58,31,30.58,30.43,30.15,10,10,7,26,16,38,0.05,4,Rain,6
2015-3-6,56,44,31,33,24,18,63,47,30,30.61,30.51,30.43,10,10,10,10,6,16,0.00,3,,78
2015-3-7,61,52,43,44,32,26,66,47,27,30.44,30.35,30.25,10,10,10,15,5,19,0.01,7,Rain,129
2015-3-8,59,55,50,55,51,46,96,84,71,30.25,30.12,30.00,10,5,0,12,6,14,0.44,8,Fog-Rain,152
2015-3-9,62,57,52,56,53,50,100,89,78,30.00,29.91,29.83,10,6,1,10,5,13,0.86,8,Rain,17
2015-3-10,67,59,50,54,50,47,93,75,56,30.11,30.00,29.92,10,10,10,16,7,20,0.00,6,,355
2015-3-11,61,55,48,50,48,45,93,81,69,30.24,30.16,30.09,10,10,10,17,8,23,0.00,8,,5
2015-3-12,77,63,48,54,50,45,93,66,38,30.16,30.06,29.94,10,10,10,15,6,20,0.00,3,,347
2015-3-13,77,63,48,54,49,43,93,62,31,30.02,29.97,29.92,10,10,10,13,4,18,0.00,4,,307
2015-3-14,78,65,52,52,47,43,83,58,33,30.16,30.06,29.99,10,10,2,21,8,26,0.00,3,,1
2015-3-15,77,65,52,54,49,46,89,63,36,30.26,30.21,30.16,10,10,10,16,4,19,0.00,5,,27
2015-3-16,71,63,54,62,57,51,100,79,57,30.24,30.18,30.13,10,7,1,12,5,14,T,8,Rain,86
2015-3-17,74,69,63,66,63,61,93,83,73,30.16,30.09,29.99,10,7,2,24,7,31,0.07,8,Rain,164
2015-3-18,74,68,62,65,62,59,90,77,64,30.07,29.98,29.91,10,9,6,20,7,25,0.17,8,Rain,188
2015-3-19,77,72,66,67,65,63,93,81,69,30.01,29.94,29.87,10,7,0,14,8,18,T,8,Fog-Rain,170
2015-3-20,72,67,61,67,63,55,90,85,79,30.11,30.04,29.95,10,8,2,17,7,22,0.37,8,Rain,125
2015-3-21,65,62,58,60,58,55,93,89,84,30.12,30.03,29.96,10,9,4,15,7,21,0.78,8,Rain,19
2015-3-22,79,68,56,60,58,55,100,74,48,30.07,30.00,29.91,10,10,6,10,3,13,T,5,Rain,14
2015-3-23,80,68,56,64,59,54,93,76,58,30.10,30.03,29.96,10,10,10,15,6,18,0.00,1,,116
2015-3-24,82,72,61,63,60,58,93,70,47,30.06,29.96,29.86,10,10,6,16,9,21,0.00,3,,184
2015-3-25,81,72,62,63,61,58,93,74,54,29.98,29.90,29.83,10,10,10,20,11,27,0.00,5,,163
2015-3-26,71,60,49,67,50,37,90,62,34,30.17,30.00,29.83,10,9,6,29,14,41,T,5,Rain,343
2015-3-27,80,62,44,41,35,32,70,45,19,30.20,30.14,30.07,10,10,10,16,8,24,0.00,0,,261
2015-3-28,83,67,51,54,42,37,71,47,22,30.13,30.07,29.99,10,10,10,18,10,25,0.00,0,,214
2015-3-29,83,70,56,63,57,52,93,68,43,30.12,30.05,29.98,10,10,7,22,12,26,0.00,1,,170
2015-3-30,78,71,63,64,63,61,93,76,58,30.17,30.09,30.02,10,10,10,15,8,20,0.00,6,,158
2015-3-31,77,72,67,67,63,61,93,77,60,30.10,29.99,29.90,10,10,8,17,10,24,T,7,,177
2015-4-1,83,76,68,67,65,60,93,70,47,29.98,29.89,29.81,10,8,4,22,10,27,T,7,Rain,159
2015-4-2,83,76,68,69,67,65,90,78,65,29.94,29.89,29.83,10,9,6,17,10,28,T,7,Rain,169
2015-4-3,81,75,68,71,66,49,93,70,46,30.13,29.96,29.88,10,7,2,20,9,27,T,7,Rain,150
2015-4-4,68,64,59,53,46,36,65,52,39,30.26,30.18,30.12,10,10,8,24,11,36,0.03,8,Rain,45
2015-4-5,74,66,58,66,60,53,93,81,68,30.18,29.97,29.85,10,7,1,17,5,24,T,8,Rain,111
2015-4-6,83,76,68,68,65,63,90,71,51,29.99,29.93,29.85,10,10,10,25,12,29,T,7,,156
2015-4-7,86,78,69,68,65,64,90,71,51,30.02,29.94,29.88,10,10,10,21,13,27,0.00,5,,167
2015-4-8,82,76,70,69,67,65,90,76,62,29.99,29.90,29.82,10,9,7,22,13,27,0.00,8,,161
2015-4-9,85,77,69,71,68,66,97,78,58,29.96,29.84,29.78,10,9,5,18,10,24,T,7,Rain,158
2015-4-10,73,66,59,68,58,54,90,74,57,30.16,30.04,29.90,10,8,1,18,9,25,1.18,7,Rain-Thunderstorm,26
2015-4-11,73,67,61,67,62,55,93,86,78,30.09,30.01,29.91,10,6,0,14,7,17,T,8,Rain,76
2015-4-12,80,74,67,70,67,64,97,82,67,29.98,29.89,29.77,10,5,1,29,7,38,0.98,8,Rain-Thunderstorm,132
2015-4-13,83,74,64,64,62,56,93,68,42,29.95,29.86,29.78,10,9,2,15,7,19,T,6,Rain,229
2015-4-14,78,71,63,64,58,52,87,67,46,30.11,30.00,29.92,10,10,10,18,8,24,T,6,Rain,359
2015-4-15,80,70,59,66,57,49,84,69,54,30.05,29.95,29.86,10,10,10,16,7,19,0.00,7,,116
2015-4-16,75,72,68,69,66,64,93,86,79,29.98,29.88,29.81,10,9,5,15,7,21,0.01,8,Rain-Thunderstorm,82
2015-4-17,74,70,66,70,67,63,93,87,81,29.94,29.88,29.77,10,6,0,22,10,27,0.19,8,Fog-Rain-Thunderstorm,81
2015-4-18,78,73,67,67,65,64,93,81,69,29.91,29.82,29.70,10,9,4,15,7,19,0.00,7,,73
2015-4-19,89,78,67,68,61,45,93,58,23,29.85,29.78,29.69,10,8,0,20,8,24,T,4,Fog-Rain,226
2015-4-20,72,65,57,50,44,37,65,49,33,30.01,29.93,29.84,10,10,10,18,9,26,T,6,,62
2015-4-21,79,66,53,64,55,48,83,67,50,30.00,29.93,29.86,10,10,10,17,9,20,0.00,6,,144
2015-4-22,76,72,68,71,67,64,90,82,73,29.95,29.86,29.78,10,9,1,16,9,20,0.40,8,Rain-Thunderstorm,134
2015-4-23,85,78,71,73,71,69,100,83,65,29.94,29.85,29.79,10,6,0,15,7,18,T,8,Fog-Rain,147
2015-4-24,83,76,69,74,71,66,94,82,69,29.89,29.79,29.66,10,7,1,15,8,18,2.38,8,Rain-Thunderstorm,143
2015-4-25,91,78,65,71,63,53,93,61,29,29.82,29.74,29.65,10,8,0,40,6,52,2.20,5,Fog-Rain-Thunderstorm,178
2015-4-26,87,79,71,74,70,68,93,77,61,29.75,29.62,29.48,10,8,6,22,11,27,0.00,7,,148
2015-4-27,87,75,63,72,59,43,87,55,23,29.76,29.64,29.51,10,10,6,33,6,42,0.17,4,Rain-Thunderstorm,337
2015-4-28,69,61,52,58,50,45,83,70,56,30.09,29.96,29.79,10,10,10,25,14,31,0.00,4,,335
2015-4-29,76,63,49,48,45,41,86,58,29,30.09,30.03,29.94,10,10,10,17,7,22,0.00,0,,329
2015-4-30,82,66,50,49,47,44,80,55,30,30.02,29.97,29.91,10,10,10,13,5,16,0.00,0,,222
2015-5-1,82,68,54,56,52,49,83,59,35,30.06,30.00,29.95,10,10,10,16,5,23,0.00,0,,176
2015-5-2,82,70,57,57,53,51,86,61,36,30.06,30.00,29.93,10,10,10,17,8,22,0.00,1,,156
2015-5-3,84,73,61,63,60,57,84,62,40,30.04,29.96,29.89,10,10,10,21,9,27,0.00,3,,142
2015-5-4,83,76,68,66,64,60,84,69,54,30.07,29.99,29.92,10,10,10,24,15,29,T,7,Rain,129
2015-5-5,80,75,70,70,66,63,90,74,58,30.03,29.91,29.84,10,9,3,24,15,29,0.09,8,Rain,143
2015-5-6,85,79,72,69,68,66,87,73,59,29.96,29.86,29.79,10,10,6,22,15,26,T,7,Rain,147
2015-5-7,84,79,73,72,71,68,87,78,69,29.92,29.83,29.77,10,8,5,21,14,25,T,8,Rain,141
2015-5-8,81,78,74,74,72,69,93,84,74,29.92,29.84,29.72,10,6,1,21,11,28,0.11,8,Rain-Thunderstorm,142
2015-5-9,88,80,71,73,71,70,87,73,59,29.87,29.78,29.70,10,8,3,25,16,30,T,6,Rain,146
2015-5-10,84,80,75,73,71,69,87,76,65,29.87,29.77,29.72,10,8,6,23,15,29,T,7,,142
2015-5-11,82,76,70,73,70,63,94,77,60,30.08,29.92,29.81,10,7,2,18,10,23,0.02,8,Rain,94
2015-5-12,73,71,68,67,65,62,90,84,78,30.18,30.08,29.98,10,10,5,16,9,22,0.06,8,Rain,50
2015-5-13,72,69,66,69,66,63,93,87,81,30.13,30.05,29.99,10,5,1,21,8,30,1.02,8,Rain-Thunderstorm,84
2015-5-14,86,78,69,72,69,60,97,80,62,30.09,30.00,29.90,10,6,1,23,6,30,T,7,Rain,145
2015-5-15,79,74,68,70,67,65,90,76,62,30.03,29.93,29.83,10,8,2,21,6,26,1.12,7,Rain-Thunderstorm,124
2015-5-16,86,78,69,73,70,66,93,81,69,29.90,29.83,29.74,10,7,1,24,14,30,T,8,Rain,141
2015-5-17,81,75,68,73,70,65,90,80,69,30.03,29.92,29.79,10,7,1,22,9,27,1.37,8,Rain-Thunderstorm,121
2015-5-18,88,82,76,76,73,70,94,78,61,30.09,30.00,29.94,10,7,3,21,9,25,T,7,Rain,132
2015-5-19,88,82,75,74,72,67,94,77,59,30.08,29.95,29.85,10,8,4,26,13,34,T,7,,135
2015-5-20,89,82,75,73,72,70,87,73,59,30.01,29.91,29.85,10,9,7,20,10,26,0.00,7,,147
2015-5-21,78,72,66,72,64,61,87,76,64,30.11,30.03,29.96,10,10,5,24,11,30,0.28,8,Rain-Thunderstorm,35
2015-5-22,86,76,65,73,68,62,93,79,65,30.10,30.04,29.97,10,6,0,21,10,26,0.01,8,Fog-Rain,98
2015-5-23,88,76,64,74,70,62,94,77,59,30.08,29.97,29.86,10,6,0,38,12,50,2.81,8,Fog-Rain-Thunderstorm,134
2015-5-24,85,75,65,72,67,62,93,76,59,29.93,29.86,29.78,10,9,2,28,9,35,0.15,7,Rain-Thunderstorm,135
2015-5-25,88,80,72,74,71,66,93,76,59,29.90,29.82,29.68,10,10,8,25,12,34,0.01,7,Rain-Thunderstorm,147
2015-5-26,90,80,69,74,71,66,90,73,56,30.01,29.92,29.86,10,9,6,21,10,24,0.00,7,,126
2015-5-27,90,83,75,76,73,69,91,72,52,30.08,29.98,29.92,10,8,4,22,13,28,T,6,Rain,136
2015-5-28,89,77,65,75,73,70,94,77,59,30.06,29.96,29.86,10,8,4,33,14,45,0.37,7,Rain,144
2015-5-29,88,77,65,72,65,61,93,72,51,30.12,29.94,29.82,10,9,2,28,10,34,0.41,5,Rain-Thunderstorm,225
2015-5-30,88,78,68,72,69,64,93,73,53,30.12,30.01,29.91,10,9,0,23,6,31,0.74,7,Rain-Thunderstorm,82
2015-5-31,84,77,69,68,66,64,97,76,55,30.12,30.04,29.98,10,10,8,14,6,19,0.00,4,,26
2015-6-1,86,76,65,67,64,62,93,71,48,30.06,30.01,29.96,10,10,10,14,6,22,0.00,2,,179
2015-6-2,88,79,70,69,66,63,90,68,46,30.01,29.95,29.88,10,10,10,16,6,20,0.00,1,,167
2015-6-3,88,80,72,70,67,65,90,69,48,29.98,29.89,29.82,10,10,10,17,9,23,0.00,2,,159
2015-6-4,89,79,69,70,67,64,90,68,46,30.00,29.93,29.88,10,10,10,16,8,19,0.00,2,,138
2015-6-5,89,81,72,72,69,62,87,65,43,30.06,29.98,29.92,10,10,10,18,7,23,0.00,4,,148
2015-6-6,89,80,70,70,67,63,93,68,43,30.05,29.96,29.89,10,10,10,14,6,18,0.00,2,,148
2015-6-7,89,80,71,70,67,64,84,65,46,30.01,29.93,29.86,10,10,10,22,9,26,0.00,4,,177
2015-6-8,91,82,72,72,69,65,87,66,44,30.03,29.94,29.89,10,10,10,15,7,19,0.00,5,,170
2015-6-9,93,83,73,72,67,63,87,63,38,29.95,29.89,29.81,10,10,10,13,6,17,0.00,1,,178
2015-6-10,91,82,72,69,67,65,79,63,47,29.87,29.82,29.75,10,10,10,20,8,23,0.00,1,,169
2015-6-11,92,85,77,73,70,67,82,63,44,29.89,29.79,29.71,10,10,10,23,13,27,0.00,4,,165
2015-6-12,93,86,78,74,72,68,85,67,49,29.85,29.79,29.73,10,10,10,24,14,28,T,5,,161
2015-6-13,93,85,77,74,72,67,85,66,46,29.90,29.81,29.73,10,10,9,26,10,33,0.01,5,Rain,131
2015-6-14,84,78,72,75,73,68,91,83,74,29.93,29.86,29.79,10,8,1,17,8,22,1.07,7,Rain-Thunderstorm,123
2015-6-15,91,84,76,74,73,71,94,75,56,29.96,29.88,29.80,10,10,8,15,6,18,T,5,Rain,86
2015-6-16,87,81,75,76,72,69,91,75,59,29.93,29.85,29.77,10,9,5,21,11,26,0.17,6,Rain,34
2015-6-17,91,82,73,74,72,69,88,72,56,29.93,29.86,29.78,10,7,0,41,7,31,2.74,7,Fog-Rain-Thunderstorm,170
2015-6-18,87,81,75,75,73,70,88,79,69,30.03,29.96,29.88,10,9,2,21,7,26,0.63,7,Rain,191
2015-6-19,86,81,75,75,74,72,94,82,69,30.09,30.00,29.94,10,8,2,17,6,20,0.44,8,Rain-Thunderstorm,170
2015-6-20,86,80,74,75,73,70,91,78,65,30.06,29.99,29.94,10,9,5,37,9,46,0.12,8,Rain-Thunderstorm,154
2015-6-21,84,79,73,76,73,68,91,83,74,30.07,30.01,29.95,10,7,0,29,8,40,1.09,8,Fog-Rain-Thunderstorm,160
2015-6-22,86,81,75,78,74,68,94,82,69,30.10,30.03,29.99,10,8,2,17,9,22,T,8,Rain-Thunderstorm,122
2015-6-23,90,84,78,75,74,71,91,74,56,30.17,30.08,30.01,10,10,10,21,10,25,T,7,,122
2015-6-24,90,84,77,74,73,71,88,72,56,30.15,30.09,30.04,10,10,10,26,8,33,0.00,6,,139
2015-6-25,91,84,76,75,73,70,94,73,52,30.14,30.05,29.94,10,10,10,14,9,19,0.00,4,,166
2015-6-26,92,85,77,75,72,68,85,67,49,30.03,29.96,29.88,10,10,10,16,9,20,0.00,4,,171
2015-6-27,90,84,77,74,72,69,85,69,52,30.07,29.98,29.92,10,10,10,14,6,18,0.00,5,,166
2015-6-28,91,83,75,74,71,69,87,70,52,30.08,29.97,29.91,10,10,10,15,7,22,0.00,6,,166
2015-6-29,93,85,77,73,71,62,88,65,41,30.01,29.96,29.88,10,10,7,18,11,22,0.00,4,,173
2015-6-30,91,82,73,74,72,70,85,71,56,30.07,29.99,29.94,10,9,1,37,8,45,0.15,7,Rain,174
2015-7-1,89,81,72,73,71,69,87,73,59,30.08,30.01,29.95,10,10,3,37,9,50,0.07,5,Rain,175
2015-7-2,90,80,70,73,70,67,90,73,56,30.03,29.96,29.89,10,10,10,37,13,45,T,4,,156
2015-7-3,90,84,77,74,72,69,88,70,52,30.00,29.93,29.87,10,10,9,20,12,26,0.00,7,,161
2015-7-4,92,85,77,74,72,70,88,69,49,30.02,29.95,29.87,10,10,10,22,12,28,0.00,5,,164
2015-7-5,91,84,76,74,72,70,87,72,56,30.08,29.98,29.89,10,10,10,24,15,31,T,5,,156
2015-7-6,92,85,77,74,72,69,82,66,49,30.07,29.96,29.88,10,10,8,25,16,32,0.00,5,,159
2015-7-7,91,85,78,74,73,70,85,67,49,30.00,29.93,29.86,10,10,10,23,17,33,T,7,Rain,156
2015-7-8,92,85,78,74,72,67,85,66,47,30.04,29.96,29.90,10,10,7,26,17,30,0.00,7,,159
2015-7-9,92,84,76,73,70,65,85,63,41,30.08,30.00,29.95,10,9,7,22,13,30,0.00,5,,151
2015-7-10,93,85,76,73,70,64,87,66,44,30.11,30.03,29.97,10,10,10,21,12,25,0.00,4,,152
2015-7-11,92,83,74,73,70,66,88,66,44,30.14,30.08,30.03,10,10,9,17,11,22,0.00,3,,158
2015-7-12,94,85,76,73,70,67,88,66,44,30.13,30.04,29.95,10,10,10,17,10,23,0.00,3,,171
2015-7-13,95,86,77,73,69,64,85,61,36,30.01,29.92,29.82,10,10,10,18,9,23,0.00,1,,181
2015-7-14,95,85,74,71,69,63,87,63,39,29.96,29.86,29.79,10,10,10,22,10,26,0.00,1,,152
2015-7-15,94,85,76,72,69,64,82,61,39,29.99,29.89,29.83,10,10,10,21,12,27,0.00,3,,159
2015-7-16,95,85,75,72,70,64,87,63,39,30.02,29.94,29.86,10,10,10,22,11,27,0.00,3,,167
2015-7-17,96,87,77,73,71,67,88,64,40,30.01,29.91,29.83,10,10,10,21,13,25,0.00,3,,162
2015-7-18,96,88,79,74,72,69,85,64,42,29.99,29.94,29.89,10,10,10,21,13,25,0.00,4,,155
2015-7-19,96,87,77,74,72,68,85,64,43,30.06,29.97,29.89,10,10,10,20,12,26,0.00,4,,162
2015-7-20,96,87,77,73,70,65,88,64,39,30.02,29.92,29.82,10,10,10,21,10,25,0.00,2,,169
2015-7-21,96,86,76,73,70,66,88,64,39,29.93,29.86,29.78,10,10,10,21,11,27,0.00,1,,160
2015-7-22,97,88,79,73,72,69,85,64,42,29.96,29.87,29.80,10,10,10,22,12,27,0.00,4,,167
2015-7-23,98,88,78,73,69,64,85,60,35,30.02,29.93,29.86,10,10,10,22,13,26,0.00,3,,159
2015-7-24,97,88,78,74,72,66,85,62,39,30.05,29.97,29.88,10,10,10,21,12,28,0.00,4,,157
2015-7-25,96,86,76,75,70,67,88,64,39,30.03,29.92,29.83,10,10,10,21,8,25,0.00,3,,159
2015-7-26,97,87,77,75,72,70,85,64,43,29.96,29.87,29.79,10,10,10,20,8,24,0.00,4,,142
2015-7-27,98,89,79,75,71,66,85,62,38,29.94,29.87,29.79,10,10,10,22,11,29,0.00,3,,148
2015-7-28,99,89,78,73,71,65,85,59,33,29.99,29.91,29.83,10,10,10,24,12,30,0.00,4,,151
2015-7-29,99,88,77,73,70,63,88,62,35,30.05,29.97,29.91,10,10,10,18,10,28,0.00,2,,157
2015-7-30,99,87,75,72,67,62,87,59,31,30.08,30.01,29.94,10,10,10,14,6,18,0.00,3,,177
2015-7-31,100,90,80,71,67,63,69,52,35,30.01,29.97,29.88,10,10,10,26,7,43,T,5,Rain-Thunderstorm,270
2015-8-1,98,88,77,72,65,55,82,54,25,29.97,29.92,29.86,10,10,10,16,8,21,0.00,2,,55
2015-8-2,98,86,74,67,63,58,74,51,27,29.93,29.87,29.80,10,10,10,15,6,19,0.00,1,,143
2015-8-3,98,87,76,72,66,58,82,54,26,29.89,29.85,29.80,10,10,10,17,8,21,0.00,1,,136
2015-8-4,98,89,80,74,70,65,79,57,35,29.99,29.90,29.83,10,10,10,23,11,28,0.00,3,,168
2015-8-5,99,89,79,74,70,63,79,56,33,30.03,29.93,29.83,10,10,10,23,12,28,0.00,3,,170
2015-8-6,101,90,79,73,71,65,85,58,31,29.99,29.89,29.79,10,10,10,24,11,31,0.00,3,,171
2015-8-7,100,90,79,73,71,66,85,60,35,29.96,29.87,29.78,10,10,10,23,11,29,0.00,3,,161
2015-8-8,101,90,79,74,70,62,79,55,31,29.96,29.86,29.79,10,10,10,24,12,29,0.00,3,,166
2015-8-9,101,90,78,74,69,62,79,54,29,29.97,29.89,29.81,10,10,10,20,10,24,0.00,3,,164
2015-8-10,102,90,78,74,68,59,85,56,26,29.98,29.90,29.82,10,10,10,15,8,20,0.00,4,,177
2015-8-11,104,91,77,72,65,58,79,52,24,30.01,29.95,29.90,10,10,10,15,6,20,0.00,1,,161
2015-8-12,102,91,79,75,70,62,85,57,29,30.07,29.99,29.90,10,10,4,23,6,30,0.21,5,Rain-Thunderstorm,232
2015-8-13,102,90,78,75,71,64,85,59,33,29.99,29.94,29.86,10,10,10,15,6,19,T,4,,178
2015-8-14,101,89,76,72,68,64,79,56,33,30.00,29.94,29.87,10,10,10,17,7,23,0.00,2,,126
2015-8-15,97,88,79,75,69,62,85,60,34,30.06,29.95,29.87,10,10,7,17,5,23,0.05,4,Rain,136
2015-8-16,97,86,74,69,66,62,84,59,33,29.97,29.91,29.83,10,10,10,22,8,26,0.00,1,,122
2015-8-17,96,86,76,73,69,62,88,61,33,29.98,29.90,29.80,10,10,10,20,8,23,0.00,3,,168
2015-8-18,99,88,77,73,70,64,82,58,33,29.93,29.82,29.68,10,10,10,23,13,29,0.00,4,,167
2015-8-19,98,89,79,73,71,66,85,62,38,29.87,29.78,29.70,10,10,10,18,10,22,0.00,5,,150
2015-8-20,89,81,73,76,72,68,87,73,59,30.02,29.91,29.84,10,10,6,29,7,33,0.03,7,Rain,93
2015-8-21,92,82,72,74,71,68,87,68,49,30.01,29.92,29.83,10,9,6,24,8,28,0.00,6,,112
2015-8-22,98,89,79,74,72,65,85,60,35,29.98,29.89,29.81,10,10,10,23,13,28,0.00,5,,163
2015-8-23,98,88,78,75,71,66,85,60,35,30.06,29.95,29.89,10,10,10,17,10,22,0.00,3,,161
2015-8-24,99,88,77,74,69,64,88,61,33,30.09,30.00,29.93,10,10,10,15,6,20,0.00,3,,173
2015-8-25,100,89,77,72,68,61,79,54,29,30.05,30.00,29.93,10,10,10,20,6,24,0.00,4,,159
2015-8-26,97,86,75,73,70,65,87,63,38,30.14,30.03,29.97,10,10,10,14,7,17,0.00,2,,112
2015-8-27,96,87,78,72,68,58,79,56,33,30.12,30.02,29.92,10,10,10,15,7,18,0.00,4,,180
2015-8-28,96,84,72,65,60,56,73,52,30,29.99,29.95,29.88,10,10,10,17,7,22,0.00,1,,184
2015-8-29,95,83,71,66,62,58,79,56,32,30.03,29.97,29.91,10,10,10,17,6,22,0.00,2,,181
2015-8-30,94,85,75,67,63,60,69,53,36,30.02,29.96,29.90,10,10,10,16,7,19,T,5,Rain,136
2015-8-31,96,86,75,73,68,58,87,57,27,30.04,29.95,29.87,10,10,10,22,8,27,0.00,4,,141
2015-9-1,95,85,75,72,69,64,87,64,41,30.06,29.97,29.89,10,10,10,22,9,28,T,5,Rain,123
2015-9-2,94,84,73,70,67,62,87,62,36,30.07,29.98,29.86,10,10,10,18,6,22,0.00,4,,108
2015-9-3,95,85,75,73,69,65,87,63,39,29.97,29.89,29.79,10,10,10,20,6,25,0.00,5,,116
2015-9-4,97,88,78,74,71,65,85,60,35,29.96,29.88,29.81,10,10,10,24,9,29,0.00,5,,154
2015-9-5,100,90,80,75,71,62,85,58,31,30.02,29.92,29.85,10,10,10,25,11,29,0.00,5,,159
2015-9-6,98,89,79,74,71,65,85,60,35,30.04,29.93,29.84,10,10,10,20,11,23,0.00,4,,160
2015-9-7,98,88,78,75,70,63,85,60,35,29.98,29.90,29.82,10,10,10,18,8,22,0.00,3,,145
2015-9-8,98,89,79,74,71,64,85,62,38,29.95,29.86,29.75,10,10,10,14,9,19,0.00,3,,171
2015-9-9,95,87,78,74,71,67,85,65,44,29.95,29.87,29.80,10,10,10,17,8,21,T,6,Rain,150
2015-9-10,97,86,75,75,72,66,85,63,41,29.96,29.89,29.78,10,9,0,25,5,25,1.63,7,Fog-Rain-Thunderstorm,114
2015-9-11,93,84,75,75,73,68,91,69,47,29.97,29.89,29.83,10,10,9,18,6,26,T,8,,64
2015-9-12,91,82,73,71,62,51,87,60,32,30.04,29.98,29.93,10,10,10,17,9,23,0.00,3,,26
2015-9-13,90,79,67,65,55,47,73,48,23,30.06,29.99,29.93,10,10,10,17,9,25,0.00,1,,127
2015-9-14,90,78,65,68,58,51,79,53,27,30.04,29.98,29.91,10,10,10,15,7,18,0.00,0,,120
2015-9-15,93,83,73,72,70,68,87,69,50,30.08,30.00,29.94,10,10,10,23,9,27,0.00,6,,125
2015-9-16,90,83,76,74,72,70,94,75,56,30.11,30.02,29.97,10,10,7,23,10,27,0.15,6,Rain,137
2015-9-17,93,85,77,73,71,67,88,68,47,30.06,29.96,29.84,10,10,10,21,9,24,0.00,4,,153
2015-9-18,95,86,77,74,71,65,88,64,39,29.95,29.86,29.77,10,10,10,21,10,26,0.00,4,,162
2015-9-19,93,84,75,73,69,58,88,61,33,29.99,29.89,29.83,10,10,10,16,7,19,0.00,5,,128
2015-9-20,93,82,71,71,67,60,93,65,36,30.05,29.95,29.87,10,10,10,17,4,21,0.00,4,,138
2015-9-21,93,84,75,72,67,59,87,61,34,30.00,29.94,29.87,10,10,10,13,5,16,0.00,6,,165
2015-9-22,94,82,70,69,64,59,79,58,36,30.02,29.97,29.91,10,10,10,18,7,24,0.00,2,,122
2015-9-23,93,81,69,70,61,52,90,58,26,30.04,29.97,29.89,10,10,10,15,5,19,0.00,1,,142
2015-9-24,92,80,68,63,60,55,76,53,30,30.01,29.97,29.92,10,10,10,15,6,20,0.00,4,,103
2015-9-25,92,81,70,70,64,60,87,62,36,30.04,29.99,29.92,10,10,2,43,4,57,0.54,6,Rain-Thunderstorm,316
2015-9-26,94,81,67,67,62,52,90,58,26,29.97,29.91,29.83,10,10,10,20,5,25,T,2,,273
2015-9-27,92,79,66,63,59,53,87,58,29,29.91,29.85,29.78,10,10,10,14,6,17,0.00,4,,50
2015-9-28,91,80,68,65,62,57,84,59,34,29.86,29.81,29.73,10,10,10,16,7,21,0.00,5,,23
2015-9-29,94,81,67,66,63,60,87,60,33,29.93,29.84,29.79,10,10,10,15,5,21,0.00,2,,5
2015-9-30,95,83,70,66,62,59,79,55,30,29.98,29.92,29.88,10,10,10,15,5,19,0.00,1,,5
2015-10-1,96,83,69,62,60,58,73,51,28,30.02,29.96,29.89,10,10,10,15,5,18,0.00,1,,4
2015-10-2,91,81,70,58,55,48,57,43,29,30.02,29.94,29.84,10,10,10,14,7,18,0.00,3,,57
2015-10-3,87,74,61,46,43,40,48,34,20,29.90,29.84,29.76,10,10,10,12,5,16,0.00,3,,66
2015-10-4,88,74,60,50,47,43,60,42,23,29.97,29.91,29.85,10,10,10,12,5,16,0.00,4,,50
2015-10-5,86,78,69,54,50,47,51,39,27,30.06,30.00,29.93,10,10,10,13,5,17,0.00,6,,34
2015-10-6,90,77,64,58,54,50,67,48,29,30.12,30.04,29.97,10,10,10,13,4,16,0.00,2,,30
2015-10-7,90,78,65,67,59,52,74,57,39,30.06,29.99,29.93,10,10,10,15,6,18,0.00,3,,116
2015-10-8,89,79,69,70,67,63,90,66,41,30.07,29.98,29.90,10,10,10,21,7,24,T,6,Rain,111
2015-10-9,86,78,70,70,67,62,87,68,48,30.13,30.06,29.99,10,10,10,13,6,18,0.02,7,Rain,36
2015-10-10,92,81,69,63,61,59,78,57,36,30.21,30.09,30.00,10,10,10,13,5,16,0.00,3,,38
2015-10-11,93,80,66,66,62,59,78,56,33,30.04,29.92,29.81,10,10,10,18,8,24,0.00,1,,219
2015-10-12,97,85,72,70,67,63,90,63,35,29.87,29.79,29.70,10,10,7,16,8,22,0.00,5,,201
2015-10-13,96,82,68,72,48,33,79,46,12,30.05,29.93,29.83,10,10,10,20,7,24,0.00,3,,41
2015-10-14,95,77,58,59,42,38,61,38,14,30.07,30.01,29.96,10,10,10,14,6,16,0.00,0,,100
2015-10-15,92,77,62,66,57,52,84,56,28,30.09,30.03,29.97,10,10,10,16,7,21,0.00,0,,142
2015-10-16,90,77,63,65,58,50,87,58,28,30.17,30.12,30.07,10,10,10,21,6,28,0.00,3,,74
2015-10-17,89,75,61,57,52,46,84,54,24,30.25,30.18,30.14,10,10,10,15,7,23,0.00,2,,70
2015-10-18,84,72,59,48,42,35,60,41,21,30.32,30.24,30.17,10,10,10,13,7,18,0.00,2,,85
2015-10-19,85,70,55,55,51,48,77,53,29,30.23,30.16,30.06,10,10,10,18,7,23,0.00,0,,147
2015-10-20,87,73,59,63,57,54,84,61,37,30.14,30.05,29.96,10,10,10,17,8,23,0.00,3,,115
2015-10-21,90,81,71,72,68,64,87,67,46,30.10,30.00,29.92,10,10,7,25,15,34,0.01,7,Rain,121
2015-10-22,82,78,74,74,72,69,93,85,76,30.01,29.93,29.86,10,8,3,28,13,33,0.06,8,Rain,129
2015-10-23,91,83,75,76,73,66,94,71,47,29.95,29.85,29.75,10,8,0,26,11,30,0.31,8,Rain,149
2015-10-24,80,71,61,76,68,61,97,87,76,29.97,29.84,29.75,10,6,1,24,15,33,4.07,8,Rain-Thunderstorm,69
2015-10-25,74,67,59,57,56,54,87,72,57,30.03,29.98,29.94,10,10,9,28,17,36,0.02,6,Rain,345
2015-10-26,80,69,57,56,53,50,80,61,42,30.02,29.94,29.87,10,10,10,20,9,26,0.00,1,,333
2015-10-27,85,71,56,55,52,48,86,59,31,29.92,29.84,29.74,10,10,10,15,7,19,0.00,1,,271
2015-10-28,84,70,56,55,49,43,84,56,28,29.90,29.83,29.78,10,10,10,28,9,33,0.00,2,,323
2015-10-29,79,66,52,67,53,45,79,60,40,29.93,29.85,29.79,10,10,10,18,8,22,T,6,Rain,83
2015-10-30,82,76,69,76,72,68,94,82,69,29.85,29.68,29.57,10,6,1,25,14,33,2.01,8,Rain-Thunderstorm,150
2015-10-31,83,75,66,76,66,60,91,71,51,29.90,29.73,29.59,10,8,2,24,9,30,1.28,7,Rain-Thunderstorm,346
2015-11-1,79,68,57,61,55,47,90,61,32,29.97,29.92,29.88,10,10,10,16,5,20,T,3,,309
2015-11-2,83,69,54,59,53,50,93,64,34,29.99,29.94,29.89,10,10,10,10,4,16,0.00,0,,229
2015-11-3,82,70,57,65,59,54,100,70,39,30.07,29.98,29.91,10,7,0,14,6,18,0.00,4,Fog,129
2015-11-4,79,72,65,70,66,62,93,79,64,30.06,29.97,29.92,10,10,7,18,8,22,T,8,Rain,119
2015-11-5,86,81,75,74,72,68,94,75,55,30.03,29.94,29.87,10,9,6,17,11,25,0.05,7,Rain,159
2015-11-6,77,70,62,72,55,45,87,64,40,30.09,30.03,29.97,10,10,6,20,8,24,0.01,8,Rain,10
2015-11-7,65,62,59,57,54,51,84,78,72,30.22,30.11,29.99,10,10,7,25,14,33,0.04,8,Rain,14
2015-11-8,72,63,54,50,46,41,72,60,47,30.24,30.16,30.09,10,10,10,18,9,26,T,4,Rain,22
2015-11-9,74,64,53,56,51,44,77,62,46,30.15,30.08,30.02,10,10,10,9,3,11,0.00,5,,188
2015-11-10,75,71,67,68,64,56,84,73,61,30.10,30.00,29.91,10,10,8,14,7,18,T,8,Rain,161
2015-11-11,86,79,71,71,65,38,87,63,38,29.96,29.86,29.79,10,10,7,17,10,25,T,6,Rain,221
2015-11-12,71,66,60,40,35,26,43,32,20,30.22,30.14,29.96,10,10,10,21,9,28,0.00,6,,35
2015-11-13,66,63,60,43,38,35,48,41,34,30.29,30.23,30.19,10,10,10,16,8,20,0.00,8,,57
2015-11-14,65,61,57,50,46,42,72,62,51,30.31,30.25,30.22,10,10,10,10,5,12,0.01,8,Rain,50
2015-11-15,73,64,55,64,57,47,84,75,66,30.24,30.12,30.02,10,10,5,21,8,25,T,8,Rain,103
2015-11-16,78,73,68,70,68,64,90,82,74,30.00,29.80,29.62,10,9,6,26,12,35,T,8,Rain,151
2015-11-17,76,62,47,70,48,33,93,60,27,29.78,29.65,29.53,10,9,2,32,11,40,0.14,6,Rain,284
2015-11-18,75,59,43,44,39,33,82,52,21,29.94,29.84,29.76,10,10,10,18,6,22,0.00,0,,277
2015-11-19,79,63,47,54,48,40,82,60,37,30.11,30.04,29.94,10,10,10,10,4,12,0.00,0,,280
2015-11-20,78,65,51,62,56,48,89,70,50,30.09,29.99,29.90,10,10,10,14,7,18,0.00,3,,140
2015-11-21,68,56,44,65,47,24,93,60,27,30.32,30.09,29.88,10,9,0,31,12,43,T,5,Fog-Rain,360
2015-11-22,61,48,35,34,28,24,79,53,26,30.36,30.26,30.19,10,10,10,13,5,16,0.00,0,,360
2015-11-23,63,48,33,44,32,29,82,56,29,30.32,30.24,30.18,10,10,10,12,5,15,0.00,3,,107
2015-11-24,66,57,48,59,52,44,83,73,63,30.19,30.09,30.03,10,10,10,10,4,13,T,8,Rain,115
2015-11-25,75,65,54,69,64,60,97,88,79,30.11,30.04,29.99,10,9,2,21,9,24,0.04,8,Rain,145
2015-11-26,79,73,67,70,68,64,93,85,76,30.14,30.06,29.99,10,8,1,23,11,28,0.06,8,Rain,135
2015-11-27,78,61,44,71,62,41,93,84,74,30.17,30.06,29.96,10,6,2,26,13,31,1.49,8,Rain,106
2015-11-28,47,45,43,41,40,39,96,86,76,30.21,30.16,30.10,10,8,2,18,11,23,0.72,8,Rain,3
2015-11-29,51,48,44,45,43,40,92,84,76,30.19,30.11,30.05,10,9,3,13,6,14,0.02,8,Rain,13
2015-11-30,60,52,43,49,47,43,93,79,64,30.09,30.02,29.98,10,8,2,9,4,12,T,8,Rain,29
2015-12-1,61,55,49,47,43,37,86,64,42,30.09,30.01,29.94,10,10,10,9,4,13,0.00,8,,33
2015-12-2,70,58,45,45,41,34,86,60,34,30.28,30.14,30.01,10,10,10,14,6,19,0.00,2,,341
2015-12-3,64,52,40,38,36,33,76,56,36,30.39,30.33,30.26,10,10,10,10,5,14,0.00,0,,348
2015-12-4,64,51,38,40,37,34,85,62,39,30.46,30.40,30.35,10,10,10,12,5,14,0.00,0,,37
2015-12-5,66,52,38,46,41,35,85,64,43,30.45,30.38,30.33,10,10,10,8,3,14,0.00,3,,139
2015-12-6,73,59,44,52,46,41,92,65,38,30.43,30.36,30.30,10,10,10,12,5,15,0.00,1,,317
2015-12-7,71,57,42,44,41,38,86,60,33,30.35,30.23,30.13,10,10,10,8,4,11,0.00,0,,331
2015-12-8,75,59,42,53,47,39,89,67,44,30.12,30.01,29.92,10,10,10,15,5,19,0.00,1,,251
2015-12-9,78,63,47,57,51,45,93,68,42,30.04,29.95,29.88,10,10,9,12,4,14,0.00,2,Fog,280
2015-12-10,78,66,54,63,59,50,100,75,50,29.93,29.86,29.76,10,5,0,14,6,18,0.00,6,Fog,209
2015-12-11,80,66,51,66,59,49,93,74,54,29.88,29.80,29.74,10,5,0,20,8,27,0.00,7,Fog,145
2015-12-12,75,73,71,70,68,66,87,83,79,29.79,29.70,29.61,10,9,5,32,16,39,T,8,Rain,155
2015-12-13,75,61,46,70,45,31,87,56,24,29.81,29.70,29.58,10,9,1,33,9,45,0.74,6,Rain-Thunderstorm,277
2015-12-14,75,58,41,50,40,32,82,53,23,29.83,29.77,29.71,10,10,10,14,7,17,0.00,0,,202
2015-12-15,76,63,49,62,55,38,96,79,61,29.80,29.70,29.62,10,10,10,18,5,23,0.00,5,,298
2015-12-16,67,56,45,33,27,22,56,39,22,29.99,29.88,29.76,10,10,10,23,12,30,0.00,4,,357
2015-12-17,66,52,38,36,31,26,70,49,28,30.21,30.05,29.98,10,10,10,16,6,21,0.00,1,,297
2015-12-18,60,48,35,34,29,25,70,50,29,30.40,30.32,30.23,10,10,10,13,5,17,0.00,1,,48
2015-12-19,68,51,34,50,41,30,89,67,45,30.44,30.35,30.28,10,10,10,17,8,20,0.00,4,,111
2015-12-20,70,61,52,62,56,50,93,81,68,30.27,30.08,29.96,10,10,9,17,6,23,0.00,8,,157
2015-12-21,74,65,55,64,60,53,93,77,61,30.02,29.95,29.87,10,7,0,13,4,15,0.00,8,Fog,253
2015-12-22,79,64,48,66,56,44,93,69,45,29.89,29.69,29.52,10,10,7,16,7,20,0.00,4,,204
2015-12-23,83,69,55,66,54,39,100,61,22,29.69,29.56,29.47,10,8,1,20,6,26,0.00,4,Fog,247
2015-12-24,76,63,50,63,54,45,93,77,60,29.91,29.81,29.70,10,6,0,12,5,14,T,3,Fog-Rain,324
2015-12-25,71,64,57,67,59,54,93,83,73,30.02,29.91,29.81,9,7,2,12,4,14,T,7,,52
2015-12-26,80,76,71,70,69,67,90,80,69,29.80,29.66,29.54,10,9,6,28,16,33,T,8,,146
2015-12-27,75,56,37,68,44,31,86,80,74,29.84,29.67,29.50,10,8,2,25,16,33,0.69,8,Rain-Thunderstorm,310
2015-12-28,52,45,38,33,30,27,76,61,46,30.01,29.93,29.83,10,10,10,28,14,37,0.00,5,,321
2015-12-29,50,44,37,43,36,32,86,71,56,30.13,30.02,29.94,10,9,4,13,6,16,0.05,7,Rain,62
2015-12-30,62,54,45,45,43,40,93,72,51,30.24,30.16,30.09,10,10,6,14,6,17,T,6,Rain,27
2015-12-31,57,50,43,40,39,38,83,69,54,30.32,30.24,30.18,10,10,10,17,9,22,0.00,6,,22
2016-1-1,50,47,43,39,37,34,82,69,56,30.48,30.41,30.31,10,10,8,20,10,26,0.16,8,Rain,16
2016-1-2,44,42,40,39,37,35,92,84,76,30.46,30.39,30.32,10,9,6,10,4,14,0.82,8,Rain,345
2016-1-3,62,52,41,43,40,38,89,68,46,30.33,30.27,30.20,10,10,8,14,5,17,0.06,5,Rain,310
2016-1-4,61,49,36,39,33,31,86,60,33,30.35,30.27,30.22,10,10,10,12,5,15,0.00,1,,359
2016-1-5,56,48,39,47,40,32,77,68,59,30.29,30.21,30.15,10,9,5,13,5,16,T,7,Rain,61
2016-1-6,54,51,48,52,48,44,93,90,86,30.19,30.03,29.90,8,4,1,9,5,12,0.06,8,Rain,65
2016-1-7,72,60,47,53,51,45,96,70,44,29.96,29.87,29.79,10,8,1,13,4,19,0.00,4,,278
2016-1-8,67,55,42,55,48,33,96,65,34,29.86,29.76,29.65,10,9,4,21,6,26,0.00,3,Fog,269
2016-1-9,62,50,38,37,32,29,70,52,34,30.19,29.99,29.81,10,10,10,23,13,29,0.00,1,,329
2016-1-10,54,44,34,31,28,27,70,54,38,30.36,30.24,30.18,10,10,10,13,6,19,0.00,3,,41
2016-1-11,55,46,36,38,32,27,85,63,41,30.25,30.20,30.13,10,10,10,8,4,10,0.00,5,,46
2016-1-12,66,50,33,41,36,32,92,63,34,30.32,30.24,30.19,10,10,10,12,4,13,0.00,0,,268
2016-1-13,65,50,35,44,39,33,92,68,43,30.23,30.14,30.04,10,10,10,15,6,17,0.00,2,,245
2016-1-14,69,59,48,55,50,43,93,76,59,30.04,29.87,29.73,10,10,10,16,5,19,0.00,6,,221
2016-1-15,74,59,44,52,37,25,93,56,18,29.86,29.76,29.71,10,10,10,12,5,16,0.00,1,,303
2016-1-16,69,55,40,43,36,31,83,54,24,30.15,29.89,29.73,10,10,10,30,10,43,T,3,Rain,336
2016-1-17,56,45,33,34,32,29,89,64,38,30.22,30.14,30.07,10,10,10,13,5,15,0.00,3,,122
2016-1-18,63,48,33,44,38,32,96,70,43,30.35,30.27,30.20,10,10,8,12,5,14,0.00,3,,198
2016-1-19,69,54,39,52,47,39,100,77,53,30.25,30.15,30.05,10,10,7,20,7,24,0.00,3,Fog,181
2016-1-20,60,54,48,52,48,44,96,81,66,30.18,30.06,29.96,10,9,2,12,5,15,T,8,Rain,41
2016-1-21,69,57,44,57,45,29,100,66,32,30.20,29.99,29.86,10,6,0,29,10,39,T,4,Fog-Rain,310
2016-1-22,60,48,36,31,29,27,76,53,29,30.33,30.27,30.20,10,10,10,21,10,27,0.00,1,,335
2016-1-23,59,45,30,32,30,27,82,58,33,30.32,30.23,30.13,10,10,10,10,5,14,0.00,1,,178
2016-1-24,69,52,35,53,44,32,92,70,47,30.11,29.98,29.87,10,10,10,22,9,28,0.00,3,,171
2016-1-25,73,63,53,56,53,39,93,73,53,30.00,29.92,29.85,10,10,6,12,5,17,0.00,6,,126
2016-1-26,58,51,44,40,36,31,83,65,46,30.27,30.13,29.99,10,10,9,23,12,32,0.28,8,Rain,15
2016-1-27,59,48,37,33,29,24,76,51,26,30.35,30.27,30.22,10,10,10,17,8,23,0.00,4,,351
2016-1-28,70,51,31,37,33,28,85,56,26,30.24,30.15,30.05,10,10,10,15,6,20,0.00,0,,272
2016-1-29,74,55,36,38,33,30,82,51,20,30.10,30.01,29.91,10,10,10,20,8,25,0.00,1,,234
2016-1-30,75,58,41,55,44,36,87,60,33,29.94,29.86,29.79,10,10,10,15,6,18,0.00,2,,193
2016-1-31,83,68,52,59,53,42,100,62,24,29.87,29.79,29.72,10,9,4,14,5,20,0.00,4,,205
2016-2-1,80,63,46,61,54,43,100,68,36,29.83,29.71,29.49,10,7,0,24,9,30,0.00,4,Fog,120
2016-2-2,72,61,50,32,28,24,93,57,20,29.91,29.76,29.66,10,10,10,24,10,29,0.00,1,,329
2016-2-3,61,51,41,26,25,24,49,37,25,30.34,30.14,29.91,10,10,10,21,11,25,0.00,0,,2
2016-2-4,60,47,33,25,22,20,64,43,21,30.50,30.41,30.35,10,10,10,13,6,15,0.00,0,,30
2016-2-5,62,47,31,40,31,24,75,53,31,30.43,30.34,30.23,10,10,10,18,7,23,0.00,3,,172
2016-2-6,64,52,39,39,26,18,89,43,10,30.39,30.34,30.30,10,10,10,21,9,30,0.00,1,,317
2016-2-7,67,49,30,35,30,26,85,55,24,30.33,30.21,30.07,10,10,10,18,7,24,0.00,2,,258
2016-2-8,65,53,40,32,23,12,54,35,15,30.42,30.30,30.18,10,10,10,22,12,29,0.00,2,,337
2016-2-9,73,55,37,33,27,22,54,37,20,30.40,30.30,30.21,10,10,10,16,7,20,0.00,0,,303
2016-2-10,75,59,42,38,31,28,58,39,20,30.38,30.27,30.17,10,10,10,14,5,20,0.00,0,,251
2016-2-11,80,61,42,49,37,32,65,42,18,30.17,30.12,30.04,10,10,10,16,7,21,0.00,0,,225
2016-2-12,82,60,38,48,44,40,89,59,28,30.25,30.18,30.12,10,10,10,13,5,15,0.00,0,,39
2016-2-13,74,61,48,54,48,40,80,62,44,30.36,30.22,30.10,10,10,10,21,8,27,0.00,2,,157
2016-2-14,74,64,54,57,55,52,100,75,49,30.07,29.93,29.79,10,9,1,18,8,25,0.00,6,,172
2016-2-15,77,63,49,58,49,41,100,66,31,29.94,29.87,29.78,10,9,3,21,7,25,0.00,4,,342
2016-2-16,80,62,43,47,43,38,83,57,30,30.06,29.96,29.91,10,10,10,14,6,18,0.00,2,,299
2016-2-17,76,64,51,50,37,29,72,49,25,30.24,30.16,30.06,10,10,10,18,9,23,0.00,2,,97
2016-2-18,79,68,56,58,56,51,100,71,42,30.24,30.14,30.04,10,8,1,23,14,27,T,6,,167
2016-2-19,80,72,63,62,59,57,90,68,45,30.18,30.08,29.99,10,10,10,21,13,27,0.00,6,,172
2016-2-20,79,72,65,64,63,60,100,79,58,30.11,30.01,29.91,10,8,2,21,11,26,0.01,7,Rain,163
2016-2-21,73,69,65,63,62,61,93,83,73,30.06,29.97,29.91,10,10,8,18,5,22,T,8,Rain,125
2016-2-22,69,65,60,63,59,56,97,84,70,29.98,29.84,29.57,10,9,3,20,8,25,0.20,7,Rain,58
2016-2-23,63,55,47,59,49,34,93,70,47,30.06,29.73,29.57,10,9,2,35,16,46,1.34,5,Rain-Thunderstorm,337
2016-2-24,66,54,41,36,29,22,70,45,19,30.28,30.17,30.06,10,10,10,22,11,28,0.00,0,,310
2016-2-25,71,53,35,34,31,29,82,52,22,30.37,30.26,30.18,10,10,10,18,6,24,0.00,1,,342
2016-2-26,64,53,41,41,31,26,56,44,31,30.47,30.36,30.28,10,10,10,13,7,19,0.00,1,,91
2016-2-27,71,56,41,52,45,37,89,64,38,30.32,30.21,30.09,10,10,10,21,8,25,0.00,2,,177
2016-2-28,76,66,55,58,55,50,87,70,53,30.10,30.02,29.93,10,10,10,18,10,25,0.00,5,,166
2016-2-29,78,69,59,62,60,57,100,78,56,30.12,30.02,29.91,10,7,0,20,7,24,T,6,Rain,155
2016-3-1,86,73,60,63,56,37,87,61,35,30.14,30.01,29.93,10,10,10,26,11,33,0.00,5,,279
2016-3-2,77,64,51,63,50,33,87,65,42,30.16,30.03,29.90,10,10,7,18,9,23,0.00,4,,135
2016-3-3,84,73,62,64,52,33,93,57,20,30.09,29.95,29.84,10,8,3,22,10,29,T,4,,310
2016-3-4,75,61,46,48,37,33,65,46,27,30.22,30.10,30.01,10,10,10,18,7,22,0.00,2,,107
2016-3-5,75,66,57,58,56,52,93,72,50,30.19,30.10,30.02,10,10,5,18,9,23,0.00,6,,123
2016-3-6,76,68,59,61,60,57,97,79,60,30.14,30.03,29.88,10,8,2,24,14,29,0.00,8,,145
2016-3-7,76,71,65,65,64,61,93,79,64,29.90,29.78,29.66,10,8,2,26,16,35,0.03,8,Rain,145
2016-3-8,82,76,69,68,66,62,90,72,54,29.76,29.65,29.54,10,8,2,25,13,33,0.06,7,Rain-Thunderstorm,140
2016-3-9,70,65,59,60,58,56,97,88,78,29.80,29.70,29.60,10,9,1,31,10,37,1.98,8,Rain-Thunderstorm,4
2016-3-10,65,62,59,59,58,55,93,86,78,29.93,29.84,29.74,10,8,2,22,12,30,0.51,8,Rain,5
2016-3-11,72,64,56,61,57,50,97,75,53,29.98,29.89,29.81,10,9,4,18,8,22,0.41,7,Rain,73
2016-3-12,72,62,52,56,54,52,100,77,53,29.98,29.87,29.79,10,10,7,14,6,19,T,3,Rain,249
2016-3-13,84,70,55,60,48,35,100,59,17,29.85,29.78,29.72,10,8,0,25,8,33,0.00,2,Fog,258
2016-3-14,90,70,49,67,50,40,84,51,17,29.87,29.80,29.72,10,10,10,20,8,23,0.00,2,,229
2016-3-15,87,75,63,68,63,43,100,67,33,29.92,29.78,29.72,10,6,1,14,5,19,0.00,6,,160
2016-3-16,80,72,64,68,58,42,90,64,37,29.97,29.90,29.85,10,10,9,18,9,22,T,7,,100
2016-3-17,80,74,67,68,66,65,97,80,62,29.90,29.82,29.75,10,8,2,12,6,13,T,7,Rain,133
2016-3-18,82,70,58,70,65,53,97,80,62,29.98,29.79,29.68,10,7,2,30,8,37,0.06,8,Rain-Thunderstorm,107
2016-3-19,63,56,48,54,39,32,86,61,36,30.26,30.10,29.96,10,10,7,28,15,38,T,4,Rain-Thunderstorm,8
2016-3-20,65,53,40,32,29,26,70,47,24,30.43,30.34,30.27,10,10,10,18,9,25,0.00,0,,11
2016-3-21,65,51,36,38,33,29,82,57,31,30.44,30.34,30.21,10,10,10,17,7,22,0.00,0,,185
2016-3-22,77,62,46,59,50,40,86,67,47,30.21,30.04,29.90,10,10,10,25,14,32,0.00,2,,179
2016-3-23,81,73,65,66,62,59,90,72,54,29.94,29.78,29.66,10,10,7,21,14,27,0.00,7,,158
2016-3-24,71,61,50,66,44,33,93,61,28,30.04,29.92,29.71,10,9,2,32,11,44,0.37,4,Rain-Thunderstorm,358
2016-3-25,71,57,42,49,41,38,83,58,33,30.01,29.91,29.79,10,10,10,17,8,22,0.00,0,,133
2016-3-26,73,61,49,57,53,47,93,75,57,29.91,29.86,29.82,10,10,10,14,4,18,0.00,6,,126
2016-3-27,74,66,57,64,57,46,100,71,41,30.12,30.00,29.88,10,7,0,28,9,33,T,5,Fog-Rain,4
2016-3-28,73,62,50,55,45,41,80,58,35,30.12,30.05,29.95,10,10,10,16,8,21,0.00,3,,83
2016-3-29,70,64,57,68,62,55,100,87,73,29.97,29.90,29.79,10,5,0,18,10,23,0.02,8,Rain,138
2016-3-30,76,72,68,70,68,67,97,90,82,29.84,29.73,29.60,10,4,2,17,9,22,0.12,7,Rain,159
2016-3-31,86,76,66,69,60,40,100,61,22,29.71,29.65,29.60,10,5,0,17,8,23,0.00,4,Fog,94
2016-4-1,68,59,49,49,43,39,64,53,42,30.13,29.90,29.70,10,10,10,26,14,36,0.02,5,Rain-Thunderstorm,27
2016-4-2,74,58,42,42,36,31,76,49,22,30.30,30.21,30.15,10,10,10,15,6,21,0.00,1,,324
2016-4-3,78,61,44,43,38,35,76,50,23,30.23,30.16,30.06,10,10,10,14,7,20,0.00,0,,215
2016-4-4,81,64,46,51,46,40,80,54,28,30.19,30.14,30.09,10,10,10,16,7,20,0.00,0,,189
2016-4-5,80,65,49,58,48,42,78,56,33,30.23,30.13,30.02,10,10,10,22,9,26,0.00,1,,186
2016-4-6,82,69,55,59,51,37,90,57,23,30.12,30.03,29.94,10,10,10,20,9,25,T,7,Rain,335
2016-4-7,81,65,48,48,43,40,74,50,25,30.06,30.00,29.91,10,10,10,15,6,22,0.00,3,,260
2016-4-8,79,67,54,48,46,44,77,54,31,30.15,30.07,29.99,10,10,10,20,8,23,0.00,5,,61
2016-4-9,79,69,58,60,55,46,81,64,46,30.12,30.04,29.95,10,10,10,23,12,30,T,6,Rain-Thunderstorm,145
2016-4-10,79,72,65,67,63,61,93,78,62,30.00,29.92,29.80,10,10,5,28,14,35,0.04,8,Rain-Thunderstorm,159
2016-4-11,85,77,69,69,67,64,97,74,51,29.96,29.88,29.83,10,9,2,21,8,28,T,6,Rain-Thunderstorm,174
2016-4-12,73,68,62,70,62,59,100,84,68,30.09,29.99,29.90,10,7,0,35,13,39,1.68,8,Rain-Hail-Thunderstorm,48
2016-4-13,75,67,59,60,59,57,93,75,57,30.08,29.99,29.92,10,10,4,15,7,,0.50,7,Rain-Thunderstorm,27
2016-4-14,82,70,57,60,57,53,100,71,42,30.06,29.95,29.85,10,8,2,15,6,18,0.00,4,,10
2016-4-15,79,68,56,62,58,53,93,74,54,29.93,29.84,29.73,10,9,4,22,9,27,0.00,3,,95
2016-4-16,79,72,65,70,66,61,100,88,76,29.86,29.79,29.73,10,7,1,25,15,31,0.15,8,Rain,123
2016-4-17,83,77,71,71,70,68,93,81,69,29.95,29.87,29.81,9,6,2,26,10,33,0.45,8,Rain-Thunderstorm,120
2016-4-18,73,70,66,71,66,63,100,87,73,30.11,30.01,29.91,10,7,0,17,8,23,1.70,8,Fog-Rain-Thunderstorm,40
2016-4-19,77,70,62,66,64,61,93,81,69,30.09,30.00,29.92,10,10,9,13,5,16,0.00,7,,59
2016-4-20,81,72,62,66,64,58,93,74,54,30.06,29.94,29.87,10,10,7,28,8,36,T,6,Rain,126
2016-4-21,84,73,61,67,63,57,93,70,47,30.06,29.94,29.86,10,8,1,25,7,35,0.50,6,Rain-Thunderstorm,64
2016-4-22,84,73,61,62,55,47,93,62,30,30.11,30.04,29.99,10,10,10,14,5,20,0.00,2,,17
2016-4-23,81,69,56,58,54,52,86,63,39,30.12,30.01,29.89,10,10,10,21,6,25,0.00,3,,130
2016-4-24,80,72,63,67,62,57,87,73,58,29.94,29.83,29.74,10,10,10,17,9,22,0.00,6,,132
2016-4-25,90,81,71,73,70,67,93,74,55,29.84,29.74,29.63,10,8,1,31,12,43,0.13,7,Rain-Hail-Thunderstorm,149
2016-4-26,83,75,66,73,69,66,94,80,65,29.76,29.65,29.55,10,7,4,22,14,28,0.00,7,,148
2016-4-27,90,75,60,74,55,37,94,56,17,29.73,29.67,29.54,10,8,3,33,5,46,0.56,4,Rain-Thunderstorm,294
2016-4-28,83,73,63,73,67,56,93,76,58,29.82,29.74,29.68,10,8,4,22,11,27,T,6,Rain,107
2016-4-29,85,76,67,74,71,63,93,81,69,29.73,29.63,29.51,10,7,1,33,11,42,0.34,7,Rain-Thunderstorm,139
2016-4-30,85,72,59,70,61,55,97,71,44,29.77,29.67,29.55,10,9,2,31,8,43,0.12,5,Rain-Thunderstorm,19
2016-5-1,80,74,67,64,61,55,84,71,57,29.98,29.83,29.74,10,10,7,21,12,26,0.01,6,Rain,33
2016-5-2,70,64,58,53,51,50,75,64,53,30.07,30.02,29.92,10,10,10,25,14,31,0.00,8,,358
2016-5-3,80,68,56,50,49,45,77,54,30,30.08,30.03,29.95,10,10,10,16,7,21,0.00,4,,38
2016-5-4,86,70,53,54,49,45,83,54,25,30.09,30.02,29.94,10,10,10,18,7,22,0.00,0,,305
2016-5-5,87,72,56,56,50,46,77,54,31,30.06,30.00,29.93,10,10,10,12,5,14,0.00,3,,322
2016-5-6,84,72,60,57,53,49,84,58,32,30.07,30.00,29.94,10,10,10,15,7,20,0.00,1,,111
2016-5-7,86,73,59,63,59,55,90,65,40,30.00,29.94,29.87,10,10,10,25,12,31,0.00,3,,140
2016-5-8,76,72,68,69,64,63,84,76,68,29.92,29.82,29.70,10,10,5,30,14,37,0.09,7,Rain,156
2016-5-9,86,78,70,70,65,62,84,65,45,29.83,29.75,29.68,10,10,10,23,12,29,0.00,5,,174
2016-5-10,90,82,73,73,70,69,87,70,52,29.91,29.82,29.75,10,7,2,24,11,30,0.00,6,,146
2016-5-11,87,76,65,71,67,62,87,71,55,30.05,29.95,29.88,10,9,2,30,14,39,0.86,6,Rain-Thunderstorm,113
2016-5-12,83,77,70,70,69,67,90,78,65,30.16,30.05,29.97,10,10,5,17,8,22,T,6,Rain,82
2016-5-13,88,80,72,70,67,63,79,66,53,30.16,30.07,29.97,10,10,10,15,7,19,0.00,6,,80
2016-5-14,79,73,66,71,67,61,93,80,67,30.11,30.03,29.96,10,10,5,21,6,27,0.20,6,Rain-Thunderstorm,89
2016-5-15,70,67,64,67,63,59,93,85,76,30.12,30.01,29.92,10,7,1,15,6,17,0.79,8,Rain-Thunderstorm,56
2016-5-16,81,74,67,68,66,65,93,78,62,30.02,29.87,29.78,10,8,2,15,8,18,0.52,7,Rain,97
2016-5-17,80,74,67,70,68,64,100,87,74,30.01,29.88,29.78,10,7,0,38,9,47,0.40,8,Rain-Thunderstorm,82
2016-5-18,78,71,63,65,62,59,87,76,64,30.06,29.97,29.86,10,10,7,24,10,29,0.14,7,Rain-Thunderstorm,28
2016-5-19,77,69,61,65,61,59,97,81,64,30.01,29.92,29.82,10,7,1,24,9,33,1.87,7,Rain-Thunderstorm,30
2016-5-20,81,72,62,67,63,60,93,78,62,30.04,29.94,29.89,10,8,2,14,6,18,T,6,Rain,59
2016-5-21,86,80,73,74,71,66,94,82,70,30.06,29.97,29.87,10,8,1,15,7,19,T,7,Rain,95
2016-5-22,86,80,73,73,72,68,94,80,65,29.96,29.88,29.79,10,10,6,23,10,30,T,7,,107
2016-5-23,86,79,72,75,72,68,94,82,70,29.92,29.84,29.74,10,7,1,24,11,29,0.01,7,Rain,123
2016-5-24,85,80,74,75,73,72,93,84,74,29.95,29.88,29.82,10,9,6,21,12,25,T,8,Rain,144
2016-5-25,88,82,76,75,74,72,94,80,65,30.00,29.94,29.88,10,10,6,21,13,26,T,8,Rain,150
2016-5-26,91,85,78,76,75,73,91,74,56,29.95,29.83,29.66,10,8,3,25,15,35,T,7,Rain,158
2016-5-27,93,81,69,74,71,66,94,73,52,29.78,29.68,29.62,10,10,7,24,11,28,0.00,5,,110
2016-5-28,91,81,70,74,71,66,90,71,52,30.01,29.87,29.78,10,10,6,23,11,28,T,6,Thunderstorm,126
2016-5-29,88,78,68,73,69,63,94,75,55,30.08,30.01,29.94,10,9,0,28,12,33,1.52,6,Fog-Rain-Thunderstorm,97
2016-5-30,88,76,64,72,66,60,93,70,46,30.16,29.98,29.85,10,9,0,29,6,35,0.89,6,Fog-Rain-Thunderstorm,84
2016-5-31,85,76,67,73,70,66,94,84,74,29.92,29.84,29.76,10,8,0,31,9,42,1.84,7,Rain-Thunderstorm,119
2016-6-1,86,77,67,69,67,63,93,75,57,29.93,29.85,29.77,10,10,10,25,5,30,T,6,Rain,46
2016-6-2,85,76,66,71,66,62,93,74,55,29.93,29.86,29.79,10,8,0,25,7,43,2.34,7,Rain-Thunderstorm,328
2016-6-3,81,74,66,68,66,63,97,79,60,29.92,29.85,29.79,10,10,7,20,5,24,T,7,,102
2016-6-4,87,76,65,69,66,63,93,69,45,29.90,29.85,29.79,10,10,10,18,8,24,0.01,6,Rain,1
2016-6-5,89,78,66,67,60,50,93,61,29,29.89,29.85,29.80,10,10,10,21,10,27,0.00,3,,356
2016-6-6,89,77,64,59,57,55,73,54,34,29.86,29.83,29.78,10,10,10,16,7,20,0.00,1,,350
2016-6-7,91,79,66,71,64,58,82,63,44,29.90,29.86,29.80,10,10,10,17,7,23,0.00,1,,51
2016-6-8,89,80,71,71,69,68,90,71,52,29.91,29.88,29.83,10,10,10,24,7,30,0.03,3,Rain,129
2016-6-9,89,80,71,72,70,68,93,74,55,29.94,29.89,29.83,10,10,10,24,7,28,0.00,2,,127
2016-6-10,90,81,72,73,71,69,93,74,55,30.00,29.92,29.86,10,10,10,17,8,21,0.00,4,,99
2016-6-11,92,84,76,75,72,70,88,69,49,30.07,29.96,29.89,10,10,10,20,12,25,0.00,4,,156
2016-6-12,93,86,78,76,74,70,91,69,46,30.06,29.97,29.91,10,10,10,21,11,27,0.00,6,,157
2016-6-13,93,85,77,76,74,71,91,72,52,30.02,29.90,29.80,10,10,10,20,11,25,0.00,6,,160
2016-6-14,93,85,77,75,73,72,85,69,52,29.91,29.84,29.78,10,10,10,18,12,24,0.00,6,,153
2016-6-15,95,87,78,75,72,69,85,64,43,29.98,29.88,29.83,10,10,7,23,14,29,0.00,4,,158
2016-6-16,94,85,76,74,72,69,94,70,46,30.01,29.92,29.84,10,10,10,21,13,26,0.00,3,,153
2016-6-17,94,85,76,74,72,69,85,66,46,30.00,29.92,29.84,10,10,10,17,10,22,0.00,3,,158
2016-6-18,95,87,78,74,72,70,85,66,46,30.04,29.95,29.90,10,10,10,16,8,20,0.00,3,,168
2016-6-19,91,85,78,74,71,66,85,66,47,30.13,30.04,29.99,10,10,10,18,10,24,T,4,,162
2016-6-20,92,83,74,73,70,68,93,71,49,30.18,30.13,30.08,10,10,10,21,7,24,0.00,3,,153
2016-6-21,93,84,75,72,70,66,87,66,44,30.17,30.09,29.98,10,10,10,16,8,21,0.00,2,,198
2016-6-22,92,84,76,72,70,67,87,67,47,30.04,29.98,29.90,10,10,10,23,12,28,0.00,1,,162
2016-6-23,92,83,74,72,70,66,87,67,47,30.08,30.00,29.92,10,10,10,21,12,24,0.00,3,,156
2016-6-24,92,84,75,73,71,68,94,72,49,30.05,29.98,29.91,10,10,10,21,11,28,0.00,5,,133
2016-6-25,87,82,76,75,73,72,94,80,65,30.07,29.99,29.96,10,10,7,21,10,25,0.01,7,Rain,137
2016-6-26,91,84,76,75,73,71,91,74,56,30.14,30.04,29.98,10,10,9,21,10,25,T,6,Rain-Thunderstorm,134
2016-6-27,93,84,74,74,70,66,94,69,44,30.10,30.04,29.96,10,10,10,13,5,18,0.00,5,,112
2016-6-28,96,85,73,71,70,67,93,69,44,30.05,30.00,29.91,10,10,10,21,5,28,T,5,Rain-Thunderstorm,12
2016-6-29,95,83,71,70,67,63,93,66,39,30.01,29.95,29.87,10,10,10,15,5,20,0.00,2,,36
2016-6-30,95,86,76,72,69,67,82,62,41,29.97,29.92,29.86,10,10,10,17,7,22,0.00,2,,76
2016-7-1,94,84,73,74,70,66,93,67,41,30.00,29.95,29.89,10,10,10,18,7,22,0.00,2,,120
2016-7-2,98,87,76,74,72,66,94,66,38,30.06,29.95,29.86,10,10,10,23,13,28,0.00,3,,152
2016-7-3,98,88,78,75,73,70,85,64,43,29.98,29.89,29.79,10,10,10,23,16,28,T,4,,160
2016-7-4,100,89,78,75,72,64,85,58,31,29.96,29.89,29.82,10,10,10,23,14,28,0.00,4,,159
2016-7-5,99,89,78,75,73,67,85,62,38,30.01,29.93,29.86,10,10,10,24,14,31,0.00,5,Rain,157
2016-7-6,98,89,79,74,72,67,85,60,35,30.02,29.92,29.83,10,10,10,24,16,33,0.00,4,,154
2016-7-7,99,89,78,74,72,68,85,62,38,29.99,29.91,29.83,10,10,10,25,16,31,0.00,5,,156
2016-7-8,99,89,78,74,71,68,85,62,38,30.03,29.94,29.88,10,10,10,25,15,31,0.00,4,,151
2016-7-9,98,88,77,75,72,68,91,66,40,30.07,29.97,29.87,10,10,9,24,12,30,0.00,6,,146
2016-7-10,97,89,80,74,72,65,79,57,35,30.02,29.92,29.80,10,10,10,24,13,32,0.00,5,,151
2016-7-11,99,89,78,73,70,62,85,58,31,29.96,29.87,29.79,10,10,10,30,17,36,0.00,4,,153
2016-7-12,99,88,77,73,71,68,85,63,40,29.99,29.90,29.84,10,10,10,25,16,33,0.00,4,,156
2016-7-13,99,89,79,75,72,68,85,62,38,30.03,29.95,29.88,10,10,10,24,15,30,0.00,4,,155
2016-7-14,100,89,77,74,72,65,88,61,33,30.04,29.95,29.84,10,10,10,25,13,32,0.00,3,,157
2016-7-15,100,89,77,73,69,59,88,58,28,30.04,29.95,29.83,10,10,10,24,12,30,0.00,3,,151
2016-7-16,97,87,76,73,70,65,94,66,38,30.06,29.96,29.89,10,10,10,25,11,29,0.00,4,,152
2016-7-17,96,87,77,73,70,64,85,60,35,30.05,29.99,29.94,10,10,10,21,11,26,0.00,3,,151
2016-7-18,97,87,77,74,71,66,88,63,38,30.15,30.06,29.99,10,10,10,24,11,29,0.00,5,,140
2016-7-19,96,87,77,74,71,68,85,65,44,30.15,30.09,30.01,10,10,10,30,8,38,0.01,5,Rain,137
2016-7-20,97,87,76,75,71,64,91,64,36,30.18,30.10,30.01,10,10,10,20,9,24,0.00,5,,128
2016-7-21,98,88,77,73,68,62,85,60,34,30.14,30.07,29.99,10,10,10,20,9,27,0.00,2,,173
2016-7-22,98,88,78,73,69,63,85,60,35,30.10,30.01,29.91,10,10,10,18,8,23,0.00,2,,162
2016-7-23,98,88,78,73,70,65,85,62,38,30.04,29.92,29.80,10,10,10,23,9,28,0.00,2,,168
2016-7-24,99,89,78,74,71,65,85,60,35,29.98,29.89,29.81,10,10,10,23,10,27,0.00,3,,153
2016-7-25,98,86,73,74,70,36,93,67,40,30.00,29.90,29.80,10,10,5,30,7,38,0.14,5,Rain-Thunderstorm,154
2016-7-26,89,81,73,74,72,71,93,76,59,29.97,29.90,29.86,10,10,10,24,6,27,T,7,Rain-Thunderstorm,87
2016-7-27,88,81,74,75,73,69,94,78,61,30.02,29.93,29.86,10,9,2,23,5,32,0.18,7,Rain-Thunderstorm,118
2016-7-28,95,85,74,75,71,66,94,68,42,30.03,29.95,29.88,10,10,8,28,6,35,T,6,,163
2016-7-29,95,84,73,74,70,67,88,66,44,30.03,29.96,29.88,10,10,10,18,7,22,0.00,6,,146
2016-7-30,96,86,76,74,71,64,88,62,36,30.04,29.97,29.87,10,10,10,21,10,27,0.00,4,,168
2016-7-31,98,88,78,74,70,64,85,60,35,30.04,29.95,29.86,10,10,10,22,12,29,0.00,3,,160
2016-8-1,98,87,75,72,69,60,87,59,31,30.07,29.98,29.91,10,10,10,21,12,25,0.00,2,,155
2016-8-2,97,87,76,73,71,67,88,65,41,30.11,30.02,29.92,10,10,10,20,10,25,0.00,3,,160
2016-8-3,96,86,76,74,71,67,88,64,39,30.08,29.98,29.87,10,10,10,18,8,23,0.00,2,,161
2016-8-4,98,87,76,73,70,66,88,63,38,29.96,29.90,29.81,10,10,10,21,10,24,0.00,2,,158
2016-8-5,96,87,78,74,71,67,85,62,39,30.01,29.92,29.84,10,10,10,20,9,23,0.00,4,,162
2016-8-6,98,88,78,74,70,64,85,60,35,30.03,29.92,29.83,10,10,10,21,8,26,0.00,3,,162
2016-8-7,98,89,79,75,71,66,91,63,35,29.98,29.89,29.78,10,10,10,21,11,25,0.00,3,,168
2016-8-8,98,88,78,74,71,66,85,60,35,29.95,29.86,29.74,10,10,10,21,10,26,0.00,3,,157
2016-8-9,99,89,79,74,71,65,85,60,35,29.95,29.87,29.78,10,10,10,20,11,25,0.00,4,,150
2016-8-10,100,90,79,76,72,67,85,60,35,30.01,29.92,29.83,10,10,10,23,11,28,0.00,4,,153
2016-8-11,100,90,80,75,72,67,85,60,35,30.02,29.91,29.79,10,10,10,24,10,28,0.00,4,,161
2016-8-12,102,91,79,74,72,65,85,60,35,29.91,29.81,29.68,10,10,10,22,8,28,T,5,Rain,161
2016-8-13,89,83,76,74,71,69,94,75,55,29.94,29.82,29.73,10,10,5,13,5,15,0.12,6,Rain,24
2016-8-14,85,79,73,74,72,70,93,79,65,29.98,29.88,29.81,10,8,0,17,6,23,0.54,7,Rain,78
2016-8-15,76,74,71,73,71,70,100,94,87,30.02,29.95,29.90,10,7,2,9,5,12,1.42,8,Rain,48
2016-8-16,87,80,73,75,73,71,94,82,70,30.07,29.99,29.93,10,8,0,17,5,21,0.55,8,Rain,78
2016-8-17,85,80,75,75,73,72,94,82,70,30.10,30.02,29.97,10,8,2,24,6,29,0.20,8,Rain,113
2016-8-18,91,83,74,75,73,68,94,72,49,30.08,30.00,29.91,10,9,4,26,8,32,0.01,7,Rain,121
2016-8-19,93,85,77,75,73,70,94,70,46,30.01,29.90,29.80,10,10,10,21,11,26,0.00,6,,155
2016-8-20,84,79,74,75,73,70,94,80,65,29.93,29.85,29.77,10,9,4,20,8,24,0.89,8,Rain,140
2016-8-21,82,77,72,73,72,70,93,81,69,30.04,29.94,29.87,10,9,3,15,7,18,0.63,8,Rain-Thunderstorm,60
2016-8-22,91,82,73,74,72,68,94,72,50,30.07,30.02,29.96,10,8,0,20,9,24,0.47,6,Rain-Thunderstorm,128
2016-8-23,92,85,78,75,72,67,91,69,47,30.15,30.07,30.01,10,10,8,22,14,27,0.00,4,,161
2016-8-24,91,84,76,73,72,69,94,73,52,30.15,30.06,29.96,10,10,10,17,12,24,0.00,4,,154
2016-8-25,91,84,76,74,72,69,94,73,52,30.09,30.02,29.92,10,10,10,16,9,20,0.00,4,,156
2016-8-26,91,84,76,75,72,69,88,70,52,30.08,29.98,29.89,10,10,10,22,7,26,0.00,6,,146
2016-8-27,91,83,74,73,71,69,87,70,52,30.04,29.95,29.86,10,10,10,13,4,15,0.00,4,,102
2016-8-28,90,82,74,72,70,69,93,73,52,30.05,29.95,29.87,10,10,10,20,7,26,0.03,2,,57
2016-8-29,89,81,72,74,71,69,93,74,55,30.04,29.95,29.87,10,10,4,24,8,31,0.05,6,Rain-Thunderstorm,41
2016-8-30,86,80,74,74,71,70,93,77,61,30.02,29.95,29.88,10,10,10,17,7,23,T,7,Rain,42
2016-8-31,93,84,74,74,71,67,93,71,49,30.01,29.93,29.86,10,10,10,21,5,24,T,5,Rain-Thunderstorm,3
2016-9-1,94,84,73,72,69,66,87,64,41,29.99,29.91,29.84,10,10,10,16,7,19,0.00,4,Rain-Thunderstorm,8
2016-9-2,89,82,75,73,71,69,87,71,55,29.99,29.94,29.89,10,10,7,23,6,29,0.11,6,Rain-Thunderstorm,8
2016-9-3,92,83,73,73,71,69,93,71,49,30.02,29.93,29.87,10,10,10,24,6,27,0.00,3,,77
2016-9-4,91,82,73,75,73,70,94,72,49,30.02,29.94,29.86,10,9,7,29,7,33,0.03,6,Rain,107
2016-9-5,93,83,72,75,72,69,94,72,49,30.08,29.98,29.92,10,10,10,21,10,26,T,6,,145
2016-9-6,93,86,78,76,74,72,91,72,52,30.12,30.04,29.99,10,10,7,30,12,35,0.05,6,Rain-Thunderstorm,142
2016-9-7,93,86,78,76,73,68,91,70,49,30.14,30.05,29.96,10,10,10,20,12,25,0.00,5,,157
2016-9-8,92,84,75,74,72,66,94,69,44,30.06,29.97,29.87,10,10,9,17,10,24,0.00,4,,162
2016-9-9,93,85,76,73,70,63,94,65,36,29.97,29.91,29.84,10,10,10,20,10,23,0.00,3,,157
2016-9-10,92,84,75,74,69,62,88,65,41,30.12,30.02,29.92,10,10,10,23,9,29,T,4,,62
2016-9-11,92,81,70,68,66,64,79,63,46,30.14,30.06,29.96,10,10,10,10,5,14,0.00,1,Rain,51
2016-9-12,91,81,70,72,68,65,90,68,46,29.99,29.92,29.83,10,10,10,15,6,18,0.00,1,,163
2016-9-13,90,82,74,73,71,68,88,70,52,30.02,29.93,29.88,10,10,10,15,5,18,0.00,6,,92
2016-9-14,93,84,75,73,70,67,87,66,44,30.07,30.00,29.92,10,10,10,20,6,23,0.00,4,,70
2016-9-15,93,83,72,73,70,68,93,70,47,30.01,29.95,29.88,10,10,10,14,6,17,0.00,2,,81
2016-9-16,95,85,74,73,70,67,93,67,41,29.95,29.90,29.83,10,10,10,15,4,17,0.00,1,,128
2016-9-17,95,84,73,74,71,68,87,65,35,29.97,29.92,29.88,10,10,10,13,5,,0.00,2,,134
2016-9-18,97,87,77,75,72,68,91,67,42,29.99,29.93,29.87,10,10,10,13,7,15,0.00,4,,179
2016-9-19,96,87,78,75,72,68,91,67,42,30.01,29.97,29.92,10,10,10,14,7,17,0.00,3,Rain,174
2016-9-20,96,87,78,75,70,63,91,62,33,30.09,30.00,29.93,10,10,10,12,6,16,0.00,2,,173
2016-9-21,93,84,75,73,68,60,82,59,36,30.06,29.97,29.91,10,10,10,14,4,17,0.00,3,,100
2016-9-22,94,82,69,74,68,65,84,63,41,29.97,29.92,29.86,10,10,10,18,7,25,T,4,Rain,70
2016-9-23,94,84,74,74,71,66,94,69,44,30.02,29.92,29.85,10,10,10,22,11,29,0.00,5,,135
2016-9-24,93,85,76,76,73,70,91,70,49,29.98,29.91,29.83,10,9,0,35,10,44,0.58,7,Rain-Thunderstorm,130
2016-9-25,86,79,71,75,72,67,93,81,69,30.05,29.94,29.88,10,10,1,21,8,28,0.78,8,Rain-Thunderstorm,82
2016-9-26,79,73,66,71,68,61,97,86,74,30.11,30.04,29.98,10,7,2,17,8,23,4.75,8,Rain-Thunderstorm,6
2016-9-27,76,71,66,64,62,61,87,76,64,30.12,30.04,29.99,10,10,10,15,7,18,0.00,7,,7
2016-9-28,89,77,64,66,63,60,93,68,43,30.08,30.02,29.98,10,10,10,10,3,16,0.00,1,,321
2016-9-29,89,77,64,65,58,51,87,61,34,30.21,30.12,30.06,10,10,10,14,7,21,0.00,1,,3
2016-9-30,82,71,59,55,51,48,75,54,33,30.19,30.12,30.03,10,10,10,9,4,13,0.00,2,,51
2016-10-1,79,70,61,58,55,52,84,62,39,30.09,30.03,29.97,10,10,10,9,4,11,0.00,6,,40
2016-10-2,85,72,58,59,56,53,93,64,34,30.04,29.99,29.93,10,10,10,9,2,12,0.00,0,,309
2016-10-3,86,74,61,68,61,57,84,62,40,29.95,29.88,29.80,10,10,10,17,6,23,0.00,1,,121
2016-10-4,89,80,70,71,69,66,97,74,50,29.86,29.78,29.70,10,9,4,15,7,19,0.00,6,,145
2016-10-5,90,82,74,72,70,66,87,67,47,29.91,29.84,29.79,10,10,10,17,9,21,0.00,4,,145
2016-10-6,90,83,75,73,71,67,94,71,47,29.96,29.89,29.81,10,10,10,22,8,26,0.00,5,,139
2016-10-7,85,75,65,74,70,59,94,80,65,30.12,29.98,29.88,10,10,6,22,10,30,0.05,6,Rain,57
2016-10-8,84,74,63,63,61,57,84,68,51,30.19,30.14,30.09,10,10,10,17,8,23,0.00,4,,30
2016-10-9,83,68,53,62,51,43,78,52,26,30.24,30.17,30.12,10,10,10,13,6,17,0.00,1,,42
2016-10-10,83,67,51,52,46,43,77,53,28,30.18,30.13,30.07,10,10,10,8,4,11,0.00,1,,11
2016-10-11,85,69,53,60,54,47,84,62,40,30.14,30.07,30.01,10,10,10,9,5,12,0.00,0,,280
2016-10-12,88,73,57,72,62,53,87,64,40,30.11,30.03,29.95,10,10,3,15,6,18,T,3,Rain,242
2016-10-13,88,81,73,73,70,66,94,72,50,30.15,30.05,29.98,10,10,10,21,8,25,0.00,7,,139
2016-10-14,87,79,71,70,68,63,93,71,48,30.16,30.05,29.96,10,10,5,14,6,16,0.00,6,,93
2016-10-15,88,81,73,71,69,65,87,67,46,30.08,29.98,29.89,10,10,10,18,11,24,0.00,4,,164
2016-10-16,90,81,72,72,68,61,93,67,41,30.01,29.93,29.84,10,10,10,17,11,23,0.00,3,,176
2016-10-17,90,83,75,72,69,62,87,67,47,29.94,29.84,29.74,10,10,10,18,11,24,0.00,4,,171
2016-10-18,90,82,74,72,70,61,93,66,38,29.92,29.83,29.78,10,10,10,18,10,21,0.00,6,,164
2016-10-19,90,83,75,73,68,58,94,64,34,29.95,29.89,29.84,10,10,10,17,11,22,T,5,Rain,163
2016-10-20,82,73,63,72,63,44,93,63,32,30.19,30.04,29.91,10,10,3,23,10,32,0.11,6,Rain,19
2016-10-21,77,65,52,47,44,40,72,50,27,30.27,30.19,30.12,10,10,10,16,7,21,0.00,0,,18
2016-10-22,78,62,46,51,45,42,86,59,31,30.21,30.13,30.08,10,10,10,12,4,14,0.00,2,,264
2016-10-23,82,68,54,63,55,51,86,63,39,30.18,30.12,30.08,10,10,10,17,7,20,T,4,,173
2016-10-24,83,75,66,68,64,61,87,69,51,30.22,30.16,30.12,10,10,10,16,6,22,T,7,Rain-Thunderstorm,125
2016-10-25,82,74,66,67,63,56,100,71,42,30.22,30.14,30.04,10,8,0,15,6,19,0.00,7,,121
2016-10-26,84,74,64,66,61,58,93,68,43,30.13,30.08,30.03,10,10,10,12,4,15,0.00,3,,134
2016-10-27,85,75,64,66,62,57,93,70,47,30.22,30.14,30.10,10,10,10,10,3,13,0.00,2,,122
2016-10-28,83,71,59,64,60,56,90,68,46,30.21,30.13,30.06,10,10,10,14,4,17,0.00,2,,137
2016-10-29,83,74,65,67,64,59,100,74,47,30.20,30.11,30.04,10,9,5,12,5,15,0.00,5,Fog,139
2016-10-30,85,74,62,67,62,54,93,67,40,30.20,30.10,30.05,10,9,3,12,3,15,0.00,3,,117
2016-10-31,82,71,60,69,62,57,93,70,47,30.10,30.02,29.93,10,10,10,14,5,18,0.00,4,,157
2016-11-1,87,80,72,71,68,63,93,70,46,30.00,29.94,29.88,10,10,10,24,10,29,0.00,6,,169
2016-11-2,87,81,75,72,70,65,87,69,51,30.12,30.01,29.96,10,10,10,20,12,24,T,6,Rain,141
2016-11-3,86,78,70,73,69,64,94,78,61,30.24,30.14,30.07,10,10,2,17,8,24,0.06,7,Rain,90
2016-11-4,75,72,68,66,65,64,87,80,73,30.27,30.20,30.17,10,10,4,13,8,16,T,8,Rain,20
2016-11-5,79,73,67,67,65,62,93,78,62,30.21,30.15,30.08,10,9,5,12,6,15,T,8,,56
2016-11-6,78,71,63,68,62,59,93,81,69,30.16,30.08,29.99,10,10,8,18,7,24,0.17,8,Rain-Thunderstorm,72
2016-11-7,76,70,64,68,65,61,97,88,79,30.12,30.05,29.99,10,7,0,13,5,15,0.16,7,Rain-Thunderstorm,76
2016-11-8,73,68,62,68,61,59,97,85,73,30.19,30.12,30.06,10,8,2,29,10,35,0.82,8,Rain-Thunderstorm,6
2016-11-9,64,63,62,61,60,59,93,90,87,30.25,30.20,30.14,10,7,2,13,8,17,0.58,8,Rain,5
2016-11-10,70,63,56,58,55,54,90,76,61,30.31,30.25,30.22,10,10,10,13,7,15,0.00,7,,8
2016-11-11,75,65,55,58,56,53,93,72,50,30.27,30.21,30.14,10,10,10,13,4,16,T,6,Rain,343
2016-11-12,77,67,56,59,55,53,93,70,46,30.23,30.18,30.13,10,10,10,10,5,16,0.00,5,,339
2016-11-13,75,67,59,58,56,53,87,68,49,30.23,30.15,30.09,10,10,10,10,4,15,0.00,4,,155
2016-11-14,78,66,53,59,57,53,100,75,50,30.16,30.09,30.00,10,6,1,14,5,17,0.00,4,,242
2016-11-15,85,70,55,59,52,46,93,60,27,30.09,30.03,29.99,10,10,10,10,5,15,0.00,0,Fog,295
2016-11-16,84,68,52,53,48,44,83,54,25,30.02,29.95,29.89,10,10,10,18,8,23,0.00,0,,229
2016-11-17,82,71,59,65,62,55,97,76,54,29.95,29.87,29.78,10,10,8,23,13,29,0.00,5,,170
2016-11-18,81,68,54,66,52,31,84,59,33,30.40,30.10,29.88,10,10,10,25,12,34,T,4,,355
2016-11-19,63,52,40,33,28,25,70,47,23,30.58,30.49,30.42,10,10,10,24,10,33,0.00,0,,11
2016-11-20,65,50,34,38,31,26,82,54,26,30.44,30.31,30.18,10,10,10,9,4,14,0.00,0,,281
2016-11-21,76,59,42,58,49,38,89,66,43,30.16,30.06,29.96,10,10,10,18,8,23,0.00,1,,178
2016-11-22,77,70,62,67,64,59,93,79,64,30.00,29.92,29.84,10,10,10,17,8,23,T,8,Rain,163
2016-11-23,76,63,50,66,53,41,100,67,33,30.16,30.07,29.94,10,7,1,21,6,28,0.00,4,,342
2016-11-24,74,60,46,59,51,43,90,67,44,30.21,30.15,30.09,10,10,10,12,4,14,0.00,4,,134
2016-11-25,74,67,59,63,61,55,93,81,68,30.38,30.27,30.16,10,7,0,16,6,20,0.00,8,Fog,35
2016-11-26,70,63,55,56,51,47,87,70,53,30.35,30.27,30.16,10,10,10,14,6,17,0.00,7,,47
2016-11-27,77,68,58,65,60,56,90,75,60,30.14,29.89,29.67,10,10,10,22,11,29,0.00,7,,152
2016-11-28,81,66,50,65,51,34,84,52,19,29.65,29.57,29.52,10,10,10,20,10,27,0.00,5,,241
2016-11-29,80,64,48,42,38,33,77,48,19,29.79,29.63,29.55,10,10,10,15,7,21,0.00,2,,359
2016-11-30,68,58,47,35,30,25,55,38,20,30.07,29.98,29.81,10,10,10,16,7,21,0.00,0,,3
2016-12-1,70,55,40,49,37,29,77,54,30,30.11,30.03,29.95,10,10,10,15,7,23,0.00,4,,97
2016-12-2,62,57,52,58,52,47,93,83,72,30.06,29.98,29.90,10,8,2,18,9,24,0.66,8,Rain,54
2016-12-3,53,52,50,51,49,48,96,93,89,29.99,29.90,29.79,10,7,2,24,9,27,3.84,8,Rain-Thunderstorm,26
2016-12-4,53,51,49,49,48,46,93,90,86,30.04,29.94,29.86,10,9,3,20,10,26,1.02,8,Rain,12
2016-12-5,55,50,44,50,47,44,93,85,77,29.93,29.84,29.74,10,8,2,18,7,24,0.27,7,Rain,309
2016-12-6,66,54,42,50,45,43,100,74,48,30.06,29.92,29.78,10,10,2,18,8,24,0.00,2,Fog,349
2016-12-7,58,50,42,49,45,41,96,82,67,30.19,30.06,29.99,10,9,7,18,6,27,T,6,Rain,44
2016-12-8,53,46,38,47,32,22,77,63,48,30.59,30.39,30.18,10,10,10,31,18,41,T,8,Rain,10
2016-12-9,46,41,35,30,20,16,65,49,33,30.61,30.54,30.46,10,10,10,21,8,26,0.00,7,,31
2016-12-10,49,43,37,47,38,27,93,74,55,30.46,30.32,30.15,10,6,0,8,1,11,0.03,8,Rain,82
2016-12-11,60,55,49,56,53,48,100,92,84,30.13,30.01,29.92,10,4,0,12,6,16,0.02,8,Fog-Rain,246
2016-12-12,70,58,45,57,50,44,100,77,53,30.06,29.99,29.94,10,5,0,12,4,14,T,4,Fog-Rain,10
2016-12-13,74,63,51,60,56,46,100,79,58,30.12,29.98,29.90,10,7,0,18,6,27,T,6,Fog-Rain,267
2016-12-14,67,58,48,52,47,42,86,72,58,30.25,30.12,30.07,10,10,9,13,6,16,0.00,6,,41
2016-12-15,55,52,49,47,45,43,86,79,71,30.33,30.23,30.13,10,9,5,15,7,21,T,8,Rain,57
2016-12-16,64,59,53,60,54,45,97,84,71,30.11,29.93,29.80,10,4,0,13,6,16,T,8,Fog-Rain,210
2016-12-17,77,58,39,67,59,27,100,81,62,30.04,29.76,29.62,10,5,0,36,8,43,0.03,7,Fog-Rain,199
2016-12-18,39,34,29,23,13,10,59,47,35,30.56,30.39,30.09,10,10,10,31,17,42,0.00,7,,3
2016-12-19,49,37,25,13,10,7,50,35,19,30.67,30.59,30.55,10,10,1,18,9,26,0.00,6,,9
2016-12-20,57,49,40,28,20,14,41,32,22,30.53,30.41,30.28,10,10,10,10,4,14,0.00,5,,172
2016-12-21,69,54,39,50,36,25,79,53,26,30.27,30.18,30.09,10,10,0,15,6,20,0.00,1,,224
2016-12-22,69,60,50,52,40,34,93,63,32,30.30,30.21,30.17,10,10,10,18,8,24,0.00,5,,16
2016-12-23,68,61,53,65,56,37,100,71,42,30.16,30.06,29.98,10,5,0,10,3,12,0.01,8,Fog-Rain,99
2016-12-24,77,72,67,68,66,65,93,81,69,30.04,29.99,29.93,10,10,7,25,13,31,T,8,,148
2016-12-25,80,74,67,67,65,64,87,75,62,30.01,29.91,29.83,10,10,10,23,16,30,0.00,7,,150
2016-12-26,83,76,68,69,67,63,90,72,54,30.22,30.09,29.97,10,9,7,18,10,24,T,6,Rain,155
2016-12-27,77,72,66,68,65,60,90,77,64,30.23,30.16,30.10,10,8,1,14,4,17,0.32,7,Rain,82
2016-12-28,80,73,65,66,65,63,90,72,54,30.15,30.06,29.96,10,9,4,16,8,23,T,6,Rain,205
2016-12-29,69,59,49,64,33,20,93,56,19,30.50,30.31,30.07,10,10,10,29,14,41,0.00,6,,9
2016-12-30,56,53,49,36,23,17,50,36,22,30.46,30.29,30.08,10,10,10,16,8,19,T,8,Rain,97
2016-12-31,73,63,52,59,50,37,93,75,57,30.03,29.87,29.76,10,10,7,14,4,18,0.02,7,Rain,232
